spot0,sigma,maturity,time_index,time,exercise_count,boundary_min,boundary_max,boundary_mean
36.0,0.2,1.0,2.0,0.04,257.0,36.09531502898628,39.97068260138239,38.77034125913113
36.0,0.2,1.0,3.0,0.06,403.0,36.62878605181827,39.99670973848473,39.032276423907696
36.0,0.2,1.0,4.0,0.08,529.0,36.64960132205643,39.98072082262836,39.10148518191384
36.0,0.2,1.0,5.0,0.1,613.0,36.59998950491294,39.984742795497176,39.180702714018175
36.0,0.2,1.0,6.0,0.12,589.0,37.00981505944631,39.976590830301056,39.224210270274035
36.0,0.2,1.0,7.0,0.14,684.0,36.43242908720697,39.97606292115126,39.21590391336165
36.0,0.2,1.0,8.0,0.16,654.0,36.75777810331466,39.998392571670394,39.22925858777806
36.0,0.2,1.0,9.0,0.18,621.0,36.98354019030597,39.95651929094912,39.22643115494093
36.0,0.2,1.0,10.0,0.2,658.0,36.59836415857469,39.958328720939036,39.2420290736169
36.0,0.2,1.0,11.0,0.22,692.0,36.43354115330797,39.96806259291183,39.23184516591372
36.0,0.2,1.0,12.0,0.24,634.0,36.742199151141044,39.95533278992028,39.26025803539264
36.0,0.2,1.0,13.0,0.26,733.0,36.57916479082074,39.99982317272479,39.290245523732715
36.0,0.2,1.0,14.0,0.28,727.0,36.7749226901048,39.93404268415964,39.24468409672047
36.0,0.2,1.0,15.0,0.3,662.0,36.4754842227327,39.937284980766655,39.27189691672149
36.0,0.2,1.0,16.0,0.32,696.0,36.234559435941115,39.998862827740496,39.30341904068756
36.0,0.2,1.0,17.0,0.34,771.0,35.7853604716973,39.997270166833495,39.283314302166566
36.0,0.2,1.0,18.0,0.36,685.0,36.982829191898716,39.94286629653812,39.22837151183172
36.0,0.2,1.0,19.0,0.38,711.0,36.61031412389405,39.95031769387078,39.28351722171
36.0,0.2,1.0,20.0,0.4,675.0,35.9774509862452,39.984091059916196,39.26559139316777
36.0,0.2,1.0,21.0,0.42,728.0,36.48407985572222,39.968797687279285,39.26809032063069
36.0,0.2,1.0,22.0,0.44,779.0,36.81347265709652,39.97698517753605,39.30420302312304
36.0,0.2,1.0,23.0,0.46,712.0,36.43187387980296,39.91654026682245,39.220284065947254
36.0,0.2,1.0,24.0,0.48,746.0,36.754393941645674,39.93464801287958,39.27893719106193
36.0,0.2,1.0,25.0,0.5,724.0,36.580979850873334,39.89775589750624,39.20251483036919
36.0,0.2,1.0,26.0,0.52,752.0,36.759804925301474,39.933864493478495,39.250471008882016
36.0,0.2,1.0,27.0,0.54,705.0,36.444141554194275,39.940982005279245,39.286277571736086
36.0,0.2,1.0,28.0,0.56,813.0,36.554713569549826,39.94923468370464,39.28084640190684
36.0,0.2,1.0,29.0,0.58,741.0,36.44101656920936,39.96504961171292,39.277525429787474
36.0,0.2,1.0,30.0,0.6,790.0,36.880027125648574,39.9264738424243,39.26191452266563
36.0,0.2,1.0,31.0,0.62,794.0,36.32053916193854,39.93937829740595,39.280099065725935
36.0,0.2,1.0,32.0,0.64,825.0,36.776679151170754,39.94406212822962,39.291631246568926
36.0,0.2,1.0,33.0,0.66,840.0,36.24150992946533,39.94661234862895,39.25322085255621
36.0,0.2,1.0,34.0,0.68,854.0,36.88741095737587,39.910364357488824,39.227539136419374
36.0,0.2,1.0,35.0,0.7000000000000001,819.0,36.70236116191101,39.88282927600761,39.20991462437198
36.0,0.2,1.0,36.0,0.72,893.0,36.89517931003628,39.92419718065133,39.249166562635494
36.0,0.2,1.0,37.0,0.74,902.0,36.848990851212605,39.88374884451831,39.234981167659136
36.0,0.2,1.0,38.0,0.76,917.0,36.75701433622258,39.88949461756546,39.219281058853994
36.0,0.2,1.0,39.0,0.78,1060.0,36.42811467994904,39.898459732206724,39.18220859120722
36.0,0.2,1.0,40.0,0.8,1111.0,36.53930478707811,39.8399442144416,39.157447123464834
36.0,0.2,1.0,41.0,0.8200000000000001,1078.0,36.4930866123192,39.80142854289847,39.12419454885977
36.0,0.2,1.0,42.0,0.84,1205.0,36.81045833827319,39.798654920232536,39.13892549841579
36.0,0.2,1.0,43.0,0.86,1369.0,36.09637038954831,39.78652684737073,39.09741685156549
36.0,0.2,1.0,44.0,0.88,1669.0,36.36541291509788,39.77304958095589,39.05713999134684
36.0,0.2,1.0,45.0,0.9,1914.0,35.913359368684745,39.66416724062157,38.97506119312787
36.0,0.2,1.0,46.0,0.92,2519.0,35.74573285433308,39.560158849849756,38.8398841944052
36.0,0.2,1.0,47.0,0.9400000000000001,4167.0,35.56903392169572,39.354278544630716,38.50862402205981
36.0,0.2,1.0,48.0,0.96,8993.0,33.12644362835139,38.78976643947104,37.649088948984385
36.0,0.2,1.0,49.0,0.98,48511.0,14.86605339707189,37.169471252528226,32.033907149595535
36.0,0.2,2.0,1.0,0.02,233.0,35.46670353078275,39.52171504592508,37.54494757698314
36.0,0.2,2.0,3.0,0.06,323.0,36.53977778846923,39.98152769430104,38.99398149329947
36.0,0.2,2.0,4.0,0.08,365.0,36.68113281108888,39.94809296667348,39.10862434856661
36.0,0.2,2.0,5.0,0.1,416.0,37.04604741382199,39.99603106323141,39.15123070910366
36.0,0.2,2.0,6.0,0.12,439.0,36.90556554972304,39.99622574961612,39.23718667041365
36.0,0.2,2.0,7.0,0.14,521.0,36.56571582033721,39.99558730025767,39.22735437212022
36.0,0.2,2.0,8.0,0.16,483.0,37.222158082679414,39.99964190922482,39.2453661347962
36.0,0.2,2.0,9.0,0.18,469.0,36.38727742905686,39.986207464990194,39.26231980529928
36.0,0.2,2.0,10.0,0.2,492.0,37.05805396876569,39.99161689449445,39.24680076582479
36.0,0.2,2.0,11.0,0.22,483.0,36.43354115330797,39.96384922991989,39.2556947566647
36.0,0.2,2.0,12.0,0.24,449.0,36.742199151141044,39.98026281417434,39.24485558256116
36.0,0.2,2.0,13.0,0.26,507.0,36.57916479082074,39.97437865458989,39.29209249215637
36.0,0.2,2.0,14.0,0.28,521.0,36.64257913292473,39.98743930057667,39.24531764745063
36.0,0.2,2.0,15.0,0.3,500.0,36.4754842227327,39.986760803351615,39.26282861627442
36.0,0.2,2.0,16.0,0.32,476.0,36.17995005885237,39.991616734441,39.27920414168128
36.0,0.2,2.0,17.0,0.34,490.0,36.77366389028292,39.9990531953706,39.277088913037346
36.0,0.2,2.0,18.0,0.36,484.0,36.982829191898716,39.984504694693044,39.344242450434905
36.0,0.2,2.0,19.0,0.38,457.0,36.694457188025126,39.9876344260343,39.292801981595595
36.0,0.2,2.0,20.0,0.4,481.0,35.9774509862452,39.994046595616695,39.31898933624447
36.0,0.2,2.0,21.0,0.42,442.0,37.066875603330985,39.99075511038569,39.326757475377235
36.0,0.2,2.0,22.0,0.44,448.0,37.10572648546898,39.97698517753605,39.25692643505793
36.0,0.2,2.0,23.0,0.46,483.0,37.06963146478653,39.97763688022247,39.305520327743885
36.0,0.2,2.0,24.0,0.48,462.0,36.98415455896049,39.996825402936786,39.335430243334244
36.0,0.2,2.0,25.0,0.5,479.0,36.580979850873334,39.98302878412322,39.23107986536555
36.0,0.2,2.0,26.0,0.52,450.0,37.355466782024735,39.980795674625504,39.31474301863225
36.0,0.2,2.0,27.0,0.54,407.0,36.444141554194275,39.98094731729192,39.35252910406115
36.0,0.2,2.0,28.0,0.56,482.0,36.554713569549826,39.975002737274586,39.34047809317785
36.0,0.2,2.0,29.0,0.58,433.0,35.50552671016101,39.991834376049844,39.30484960604417
36.0,0.2,2.0,30.0,0.6,457.0,37.04580275869654,39.96091988007899,39.276249185901804
36.0,0.2,2.0,31.0,0.62,415.0,36.927826361619296,39.99426783500252,39.378551363415184
36.0,0.2,2.0,32.0,0.64,409.0,36.776679151170754,39.973319131602764,39.35238551703891
36.0,0.2,2.0,33.0,0.66,428.0,36.68599421480521,39.98387043212829,39.283701106136384
36.0,0.2,2.0,34.0,0.68,413.0,37.069050915622405,39.98949294033058,39.32145653557302
36.0,0.2,2.0,35.0,0.7000000000000001,417.0,36.70422944939922,39.99340238564094,39.32675419210951
36.0,0.2,2.0,36.0,0.72,439.0,36.6105777162875,39.97336303043908,39.303367949733136
36.0,0.2,2.0,37.0,0.74,355.0,36.900957156098116,39.93863069904761,39.31297509388081
36.0,0.2,2.0,38.0,0.76,404.0,36.67908881810858,39.99047096192241,39.30893705435061
36.0,0.2,2.0,39.0,0.78,417.0,36.42811467994904,39.98715151029377,39.2974262048838
36.0,0.2,2.0,40.0,0.8,427.0,37.203061194678874,39.98633432277914,39.28305910690512
36.0,0.2,2.0,41.0,0.8200000000000001,421.0,37.03899418354962,39.99507328445152,39.374247415300324
36.0,0.2,2.0,42.0,0.84,405.0,35.42007252439066,39.99766044146639,39.3233313068142
36.0,0.2,2.0,43.0,0.86,429.0,36.95345318277077,39.99913439177149,39.3194384435673
36.0,0.2,2.0,44.0,0.88,374.0,37.40729068466285,39.9692619781897,39.321466373113104
36.0,0.2,2.0,45.0,0.9,411.0,36.90864260036921,39.961955692791356,39.303021289346894
36.0,0.2,2.0,46.0,0.92,448.0,37.5246736089845,39.98933303547672,39.35654569259399
36.0,0.2,2.0,47.0,0.9400000000000001,439.0,36.918746647985046,39.981191476097024,39.3025366566312
36.0,0.2,2.0,48.0,0.96,380.0,37.051500063483616,39.98169673644261,39.343196472503195
36.0,0.2,2.0,49.0,0.98,415.0,37.166310106375015,39.99990197638752,39.32229549425474
36.0,0.2,2.0,50.0,1.0,427.0,37.12549758296083,39.99869841695466,39.34488865269169
36.0,0.2,2.0,51.0,1.02,394.0,36.80340971028352,39.96647758524262,39.31105223895812
36.0,0.2,2.0,52.0,1.04,414.0,37.008207151132176,39.93880179860098,39.24798822002647
36.0,0.2,2.0,53.0,1.06,385.0,37.10959928901833,39.95029118344308,39.291240543757745
36.0,0.2,2.0,54.0,1.08,409.0,37.362242861390314,39.956546123717,39.3012383360879
36.0,0.2,2.0,55.0,1.1,415.0,36.974461487354375,39.97880810291151,39.31190308243819
36.0,0.2,2.0,56.0,1.12,436.0,36.634061490950366,39.945256771990955,39.24443416420455
36.0,0.2,2.0,57.0,1.1400000000000001,393.0,37.08212256326651,39.911570382804136,39.25541006866177
36.0,0.2,2.0,58.0,1.16,471.0,36.55005575193271,39.990291456695594,39.27803828997733
36.0,0.2,2.0,59.0,1.18,392.0,35.98003372412867,39.896847702856164,39.21716581635124
36.0,0.2,2.0,60.0,1.2,425.0,37.05517123978707,39.959165752702916,39.27160807689181
36.0,0.2,2.0,61.0,1.22,435.0,37.06672197735656,39.993260711577356,39.31821339726432
36.0,0.2,2.0,62.0,1.24,395.0,36.84323668097889,39.971308102492216,39.365732729149215
36.0,0.2,2.0,63.0,1.26,476.0,36.46101930366991,39.99795401794954,39.319141505736624
36.0,0.2,2.0,64.0,1.28,444.0,36.82019816074603,39.97770284862145,39.346989893321094
36.0,0.2,2.0,65.0,1.3,468.0,37.030955566616456,39.999881845538,39.33503155179714
36.0,0.2,2.0,66.0,1.32,440.0,37.063971843457956,39.94363532227162,39.288160192547686
36.0,0.2,2.0,67.0,1.34,425.0,37.16351727919674,39.95957578924744,39.343858893512625
36.0,0.2,2.0,68.0,1.36,434.0,36.71825400674678,39.973011542315184,39.31392743025097
36.0,0.2,2.0,69.0,1.3800000000000001,390.0,37.233974335872574,39.94834904052846,39.34854134111202
36.0,0.2,2.0,70.0,1.4000000000000001,467.0,36.866717297733956,39.94356334214946,39.262385523638855
36.0,0.2,2.0,71.0,1.42,440.0,36.39815207247299,39.93432071408221,39.3108051252132
36.0,0.2,2.0,72.0,1.44,496.0,36.591642568480026,39.98627832504852,39.361678855413494
36.0,0.2,2.0,73.0,1.46,469.0,36.445170047112256,39.94870077357681,39.26633899793902
36.0,0.2,2.0,74.0,1.48,501.0,36.71957250172239,39.94897539076298,39.26252502271242
36.0,0.2,2.0,75.0,1.5,476.0,35.998465235129935,39.950187226701054,39.30911253653237
36.0,0.2,2.0,76.0,1.52,452.0,36.7779443020095,39.92916479827995,39.27583709325117
36.0,0.2,2.0,77.0,1.54,469.0,36.82465468031089,39.932388477425754,39.263983127034095
36.0,0.2,2.0,78.0,1.56,517.0,37.27553367954932,39.921958878866654,39.243972693072465
36.0,0.2,2.0,79.0,1.58,522.0,37.415809013421345,39.90641035884124,39.212124749188845
36.0,0.2,2.0,80.0,1.6,503.0,36.45721299007167,39.934159970332374,39.29022304458417
36.0,0.2,2.0,81.0,1.62,484.0,36.9130432074964,39.90874392833719,39.253958830091825
36.0,0.2,2.0,82.0,1.6400000000000001,554.0,37.16981651226425,39.94310560340243,39.31062633136699
36.0,0.2,2.0,83.0,1.6600000000000001,520.0,36.63795926255794,39.92763512982359,39.25665808929134
36.0,0.2,2.0,84.0,1.68,641.0,36.40829838501654,39.93723146477544,39.25824578140579
36.0,0.2,2.0,85.0,1.7,581.0,36.769624766912955,39.926231454182435,39.2461705120163
36.0,0.2,2.0,86.0,1.72,584.0,36.97220543645886,39.88516268922163,39.24986390203221
36.0,0.2,2.0,87.0,1.74,540.0,36.69746481004006,39.83825558892575,39.19800227979295
36.0,0.2,2.0,88.0,1.76,717.0,36.74362526417436,39.89152432262964,39.21177771573364
36.0,0.2,2.0,89.0,1.78,704.0,36.45170997892936,39.87636798436247,39.17724717509707
36.0,0.2,2.0,90.0,1.8,739.0,36.585878650225894,39.8555965511398,39.21786818539838
36.0,0.2,2.0,91.0,1.82,817.0,36.91011569470835,39.855582381545815,39.17498798479346
36.0,0.2,2.0,92.0,1.84,919.0,36.936841484742494,39.81885938958128,39.16795455129425
36.0,0.2,2.0,93.0,1.86,1081.0,36.742475962744244,39.79461216597471,39.09154421764143
36.0,0.2,2.0,94.0,1.8800000000000001,1111.0,36.19518200417706,39.71342223572525,39.02316456655567
36.0,0.2,2.0,95.0,1.9000000000000001,1539.0,36.100014202346394,39.65697170094854,38.94554630650457
36.0,0.2,2.0,96.0,1.92,1837.0,35.890194398111824,39.47684623213793,38.764663103769976
36.0,0.2,2.0,97.0,1.94,3083.0,35.25246215593541,39.24222506799514,38.39598279864137
36.0,0.2,2.0,98.0,1.96,7369.0,33.93571435583404,38.582529662359335,37.34271027047064
36.0,0.2,2.0,99.0,1.98,41420.0,11.519502897272282,36.615422303878276,30.246591722266576
36.0,0.4,1.0,1.0,0.02,1137.0,33.59688658366574,39.8595982966917,37.97787043369993
36.0,0.4,1.0,2.0,0.04,1108.0,34.03735436065423,39.77691696856545,38.07127371094815
36.0,0.4,1.0,3.0,0.06,977.0,29.24976032675289,39.66175312577418,38.040996426039875
36.0,0.4,1.0,4.0,0.08,902.0,28.25110925737124,39.77142089706619,38.220317188472606
36.0,0.4,1.0,5.0,0.1,942.0,27.991477752042552,39.99963149275811,38.229971808840936
36.0,0.4,1.0,6.0,0.12,893.0,27.038555867592336,39.999280104659526,38.26171083834521
36.0,0.4,1.0,7.0,0.14,812.0,26.757350055820293,39.998375080348154,38.24942751122073
36.0,0.4,1.0,8.0,0.16,896.0,26.26298386590075,39.99828461538923,38.31047849210205
36.0,0.4,1.0,9.0,0.18,689.0,24.951441241685018,39.997316142631455,38.51145108173766
36.0,0.4,1.0,10.0,0.2,837.0,25.23308187097515,39.99734719792745,38.3496680615855
36.0,0.4,1.0,11.0,0.22,777.0,24.726223283062623,39.99889353415383,38.23911817458297
36.0,0.4,1.0,12.0,0.24,770.0,23.569945752645957,39.99149268425345,38.28291034425024
36.0,0.4,1.0,13.0,0.26,579.0,23.48163107732117,39.9997564773455,38.766985589338844
36.0,0.4,1.0,14.0,0.28,762.0,22.106238049045125,39.995879090845214,38.41239355310447
36.0,0.4,1.0,15.0,0.3,625.0,21.267214391395868,39.996447450849885,38.84704119386992
36.0,0.4,1.0,16.0,0.32,625.0,22.260226118066818,39.99691339945024,38.78294444083983
36.0,0.4,1.0,17.0,0.34,617.0,37.35522024735303,39.99968515883464,38.88275085298577
36.0,0.4,1.0,18.0,0.36,645.0,21.63863032850577,39.998976407283145,38.83915405455741
36.0,0.4,1.0,19.0,0.38,664.0,22.158816174933506,39.99749495349165,38.615301307708194
36.0,0.4,1.0,20.0,0.4,579.0,21.817687660889113,39.99344703421272,38.98319535798843
36.0,0.4,1.0,21.0,0.42,603.0,21.791693226651304,39.99815404694366,38.678480430013025
36.0,0.4,1.0,22.0,0.44,613.0,20.80115690284284,39.99954816122205,38.82382159189643
36.0,0.4,1.0,23.0,0.46,726.0,21.121081943636685,39.99681271420982,38.518310311710245
36.0,0.4,1.0,24.0,0.48,661.0,20.521885893068028,39.997158099987594,38.76666612637272
36.0,0.4,1.0,25.0,0.5,649.0,20.472995857578304,39.998802290382415,38.738115457088384
36.0,0.4,1.0,26.0,0.52,689.0,20.747715067214823,39.99967173518269,38.640420012351555
36.0,0.4,1.0,27.0,0.54,645.0,19.127834794282894,39.997856306651535,38.511127619627466
36.0,0.4,1.0,28.0,0.56,623.0,18.801614332146876,39.999750704446946,38.76675312039788
36.0,0.4,1.0,29.0,0.58,589.0,19.282078490398675,39.99763908064246,38.644392245944964
36.0,0.4,1.0,30.0,0.6,725.0,20.83026430572058,39.99959812675004,38.74141355938265
36.0,0.4,1.0,31.0,0.62,615.0,18.813517912132614,39.99682049860942,38.69903699808985
36.0,0.4,1.0,32.0,0.64,772.0,19.187741553270772,39.99981675858097,38.42285590777038
36.0,0.4,1.0,33.0,0.66,722.0,18.8365448472279,39.99766077835465,38.27311558749122
36.0,0.4,1.0,34.0,0.68,710.0,19.388330636473935,39.99981830862596,38.3657245354391
36.0,0.4,1.0,35.0,0.7000000000000001,748.0,18.492291486354883,39.99960291036811,38.11421352035604
36.0,0.4,1.0,36.0,0.72,743.0,18.780741964085497,39.99602675017612,38.067053841964906
36.0,0.4,1.0,37.0,0.74,800.0,18.516694923128245,39.99939139617282,38.12023425095342
36.0,0.4,1.0,38.0,0.76,867.0,18.703943459312733,39.99957637286822,37.96153306699247
36.0,0.4,1.0,39.0,0.78,985.0,17.75351388528525,39.99930231200065,37.99524422346555
36.0,0.4,1.0,40.0,0.8,1001.0,17.500260636091042,39.998545289182275,37.772196926769055
36.0,0.4,1.0,41.0,0.8200000000000001,1104.0,16.244697492478938,39.99693123053493,37.70890131262071
36.0,0.4,1.0,42.0,0.84,1353.0,17.555708092218005,39.999142315992145,37.33959970497096
36.0,0.4,1.0,43.0,0.86,1507.0,15.791855963238396,39.789373904938,37.11098520785711
36.0,0.4,1.0,44.0,0.88,1736.0,16.8643743698333,39.58590594967041,36.639591504154296
36.0,0.4,1.0,45.0,0.9,1996.0,15.661087167339819,39.37981029811675,36.21609391142441
36.0,0.4,1.0,46.0,0.92,2574.0,15.071708728393602,39.15157362307794,35.70209419977304
36.0,0.4,1.0,47.0,0.9400000000000001,4375.0,15.591923117025862,38.79388111974946,35.11998818041679
36.0,0.4,1.0,48.0,0.96,11425.0,14.373360269597269,37.801591056164284,33.79203223598407
36.0,0.4,1.0,49.0,0.98,43194.0,5.5658053872005775,34.10811993060112,26.404765364641964
36.0,0.4,2.0,1.0,0.02,668.0,34.41870285496052,39.918911998807076,38.12384098698174
36.0,0.4,2.0,2.0,0.04,678.0,33.16048069881366,39.96820637737607,38.36627151764445
36.0,0.4,2.0,3.0,0.06,686.0,34.71643833588069,39.979087959867286,38.54726481015585
36.0,0.4,2.0,4.0,0.08,642.0,33.92688243815783,39.98805161603332,38.6333672348792
36.0,0.4,2.0,5.0,0.1,528.0,33.49167988892723,39.90143381456129,38.4319822145196
36.0,0.4,2.0,6.0,0.12,567.0,34.64359815170389,39.964535125022294,38.566160000835495
36.0,0.4,2.0,7.0,0.14,499.0,32.72449634884862,39.958589469294395,38.65245100358961
36.0,0.4,2.0,8.0,0.16,472.0,34.22609295744367,39.8918445583181,38.55682272718565
36.0,0.4,2.0,9.0,0.18,487.0,34.12288374365318,39.93987016771709,38.63373058983299
36.0,0.4,2.0,10.0,0.2,438.0,33.7585263778517,39.91594361420199,38.63711495112802
36.0,0.4,2.0,11.0,0.22,447.0,35.00142449310231,39.94311032189082,38.58931491464406
36.0,0.4,2.0,12.0,0.24,434.0,32.36041301548135,39.93767239777261,38.56829773264299
36.0,0.4,2.0,13.0,0.26,408.0,33.679887528732394,39.84324043818864,38.51282475096205
36.0,0.4,2.0,14.0,0.28,439.0,32.47527657040025,39.909834082930146,38.54160505056035
36.0,0.4,2.0,15.0,0.3,410.0,34.28464534724351,39.9956084314439,38.78420772249719
36.0,0.4,2.0,16.0,0.32,388.0,33.20103999569142,39.942920799107334,38.54528532465654
36.0,0.4,2.0,17.0,0.34,368.0,34.706924394917756,39.99438768667446,38.6053432692156
36.0,0.4,2.0,18.0,0.36,397.0,35.50823630160228,39.96013913935831,38.71829810045376
36.0,0.4,2.0,19.0,0.38,377.0,33.73717765933105,39.9717502864999,38.7197937945612
36.0,0.4,2.0,20.0,0.4,348.0,34.545103670956294,39.939395731658095,38.625876373040434
36.0,0.4,2.0,21.0,0.42,347.0,34.095354538160485,39.932235131965754,38.516171927758606
36.0,0.4,2.0,22.0,0.44,372.0,32.60249164987144,39.96264786093892,38.61544328924821
36.0,0.4,2.0,23.0,0.46,347.0,33.759909832373275,39.99692291857963,38.72046221155662
36.0,0.4,2.0,24.0,0.48,348.0,34.487447456923775,39.997158099987594,38.648831628320465
36.0,0.4,2.0,25.0,0.5,354.0,32.0708685333813,39.93893697474411,38.67023841811008
36.0,0.4,2.0,26.0,0.52,317.0,34.65644784840356,39.9848980479604,38.72457759661858
36.0,0.4,2.0,27.0,0.54,301.0,33.96680118727681,39.985630724910166,38.70714485723676
36.0,0.4,2.0,28.0,0.56,355.0,34.41696833684518,39.99156974301228,38.789933884047535
36.0,0.4,2.0,29.0,0.58,305.0,33.044587776195094,39.96470940466196,38.632726033074114
36.0,0.4,2.0,30.0,0.6,365.0,34.85386682383474,39.961699826530655,38.722982485198045
36.0,0.4,2.0,31.0,0.62,311.0,34.015481527785184,39.93090302884564,38.57297772693139
36.0,0.4,2.0,32.0,0.64,318.0,31.928251961861132,39.83023458958672,38.505738755357704
36.0,0.4,2.0,33.0,0.66,341.0,34.99730882918269,39.878815198626555,38.544381085132486
36.0,0.4,2.0,34.0,0.68,281.0,33.16542253135289,39.85956629001497,38.607724614064686
36.0,0.4,2.0,35.0,0.7000000000000001,319.0,34.1748558197217,39.99960291036811,38.6670919420398
36.0,0.4,2.0,36.0,0.72,293.0,34.33196872139242,39.86089886145585,38.58601514644222
36.0,0.4,2.0,37.0,0.74,258.0,34.92383576535675,39.83443546102894,38.694176052098825
36.0,0.4,2.0,38.0,0.76,303.0,34.63603703815724,39.91542002275235,38.6267766632352
36.0,0.4,2.0,39.0,0.78,320.0,33.38672929712513,39.99930231200065,38.68369249046858
36.0,0.4,2.0,40.0,0.8,349.0,35.49043266234395,39.979577157589276,38.68101250836386
36.0,0.4,2.0,41.0,0.8200000000000001,292.0,35.107808517594414,39.92434024887066,38.64525165402286
36.0,0.4,2.0,42.0,0.84,321.0,32.041707750548575,39.962241205000915,38.68091969211056
36.0,0.4,2.0,43.0,0.86,299.0,34.80632971871843,39.93563582790613,38.67254145023259
36.0,0.4,2.0,44.0,0.88,273.0,34.58801504908047,39.92046539747387,38.70879063362104
36.0,0.4,2.0,45.0,0.9,332.0,34.097766721658836,39.980376243067106,38.72232285496826
36.0,0.4,2.0,46.0,0.92,308.0,34.26883250820159,39.946887694162925,38.7462230601253
36.0,0.4,2.0,47.0,0.9400000000000001,320.0,34.46416139970006,39.993129653894776,38.66814627984114
36.0,0.4,2.0,48.0,0.96,282.0,34.64310578085263,39.93332336721869,38.616543727256925
36.0,0.4,2.0,49.0,0.98,302.0,34.688838485978,39.996953541668404,38.62804705111666
36.0,0.4,2.0,50.0,1.0,320.0,34.642770539419445,39.99443610189007,38.686466080463504
36.0,0.4,2.0,51.0,1.02,303.0,34.918751422723346,39.84862215279457,38.549343785834836
36.0,0.4,2.0,52.0,1.04,322.0,34.286800924945695,39.7882777369819,38.46337011484707
36.0,0.4,2.0,53.0,1.06,263.0,34.406049818144304,39.82977587572973,38.59596960489761
36.0,0.4,2.0,54.0,1.08,322.0,34.80643739149556,39.94905344577412,38.72674305337209
36.0,0.4,2.0,55.0,1.1,324.0,34.01957009485872,39.96116020434134,38.674372437001246
36.0,0.4,2.0,56.0,1.12,344.0,33.32933567773123,39.98934787455386,38.611191900758904
36.0,0.4,2.0,57.0,1.1400000000000001,335.0,34.60943434629601,39.99797726197141,38.6565271972497
36.0,0.4,2.0,58.0,1.16,324.0,34.48327262636843,39.871172127958936,38.50674021797136
36.0,0.4,2.0,59.0,1.18,347.0,34.07259465108828,39.895423922236716,38.58320695359398
36.0,0.4,2.0,60.0,1.2,347.0,34.03635982850027,39.95586091507346,38.57174262798126
36.0,0.4,2.0,61.0,1.22,362.0,35.09223260997889,39.964964490338204,38.64503367426644
36.0,0.4,2.0,62.0,1.24,295.0,34.49579695461985,39.88056678991445,38.66210275059207
36.0,0.4,2.0,63.0,1.26,362.0,32.556222336412056,39.99391584439084,38.68665459601631
36.0,0.4,2.0,64.0,1.28,389.0,34.613696028214825,39.99830670039849,38.74704959694798
36.0,0.4,2.0,65.0,1.3,358.0,35.080552430770624,39.830243550827156,38.61308961249873
36.0,0.4,2.0,66.0,1.32,307.0,34.34461383667782,39.84742643402801,38.566884670956185
36.0,0.4,2.0,67.0,1.34,355.0,33.5533324066564,39.94630187142901,38.72999780105724
36.0,0.4,2.0,68.0,1.36,333.0,34.17318403068338,39.76101458492562,38.54611489337394
36.0,0.4,2.0,69.0,1.3800000000000001,324.0,33.54622463947516,39.793716449628576,38.65765680863426
36.0,0.4,2.0,70.0,1.4000000000000001,379.0,35.028840362912156,39.9655745262622,38.72302241277649
36.0,0.4,2.0,71.0,1.42,415.0,34.02586151745096,39.983427959834195,38.66290514114904
36.0,0.4,2.0,72.0,1.44,370.0,34.34066170513191,39.80929917114311,38.51850521458093
36.0,0.4,2.0,73.0,1.46,366.0,33.931058724795335,39.851619853188936,38.51168982871743
36.0,0.4,2.0,74.0,1.48,382.0,33.92657196633981,39.76738763005567,38.44759841984334
36.0,0.4,2.0,75.0,1.5,422.0,34.55565277966145,39.91131711674056,38.6727292121433
36.0,0.4,2.0,76.0,1.52,369.0,34.81254523733337,39.78070182883946,38.52475578738204
36.0,0.4,2.0,77.0,1.54,346.0,33.76713294245996,39.709668902569526,38.59298555643124
36.0,0.4,2.0,78.0,1.56,405.0,34.16508084840755,39.8748724823174,38.59777832067643
36.0,0.4,2.0,79.0,1.58,458.0,34.16361688983891,39.8978942313228,38.51676079346696
36.0,0.4,2.0,80.0,1.6,468.0,34.13774293661497,39.761855553316295,38.4321059240621
36.0,0.4,2.0,81.0,1.62,406.0,33.814420490817994,39.69023427965937,38.464779298662236
36.0,0.4,2.0,82.0,1.6400000000000001,432.0,34.27211431709702,39.784662563214084,38.55591023589683
36.0,0.4,2.0,83.0,1.6600000000000001,436.0,33.32808848221397,39.79023490773773,38.55075268258505
36.0,0.4,2.0,84.0,1.68,573.0,34.29161706179083,39.8474684852402,38.50527401957404
36.0,0.4,2.0,85.0,1.7,467.0,33.659532841494425,39.694084517451394,38.46428085274473
36.0,0.4,2.0,86.0,1.72,496.0,34.5146929247437,39.750528267161464,38.48656404152937
36.0,0.4,2.0,87.0,1.74,621.0,34.226014245332784,39.763757051191014,38.52845105045062
36.0,0.4,2.0,88.0,1.76,586.0,33.19358825540193,39.708714381362526,38.4385676993705
36.0,0.4,2.0,89.0,1.78,598.0,34.47560450652349,39.65158287418927,38.35190631188527
36.0,0.4,2.0,90.0,1.8,693.0,33.59615436107554,39.71388546797685,38.39638421877938
36.0,0.4,2.0,91.0,1.82,718.0,33.029612800122756,39.61203492433189,38.357729623509336
36.0,0.4,2.0,92.0,1.84,847.0,34.1930132163266,39.57131179373714,38.268149640698844
36.0,0.4,2.0,93.0,1.86,961.0,33.248703137824286,39.445698776979896,38.08118445770796
36.0,0.4,2.0,94.0,1.8800000000000001,1147.0,33.29885453711856,39.29513578160254,37.99279697733465
36.0,0.4,2.0,95.0,1.9000000000000001,1391.0,32.8797918482305,39.12787212224926,37.78221203895619
36.0,0.4,2.0,96.0,1.92,2021.0,32.38909900293345,38.8196689596804,37.354710201225394
36.0,0.4,2.0,97.0,1.94,3434.0,30.46973255837526,38.17372958943823,36.47685049626026
36.0,0.4,2.0,98.0,1.96,7329.0,27.28040190824694,36.59336033309224,34.283814477290996
36.0,0.4,2.0,99.0,1.98,46664.0,3.023950435059776,32.98937302378102,22.471198424978482
38.0,0.2,1.0,1.0,0.02,1524.0,36.92276527365327,39.96283357996627,39.051967246190785
38.0,0.2,1.0,2.0,0.04,1436.0,36.817680798372706,39.98050529275556,39.195001864913145
38.0,0.2,1.0,3.0,0.06,1380.0,36.87037004985139,39.96889425063974,39.22847588507285
38.0,0.2,1.0,4.0,0.08,1238.0,37.03775151271164,39.97509524455662,39.301962989852655
38.0,0.2,1.0,5.0,0.1,1222.0,36.95482846989741,39.97959002147259,39.28698405243229
38.0,0.2,1.0,6.0,0.12,1150.0,36.58757992621333,39.980754162202935,39.299498367156176
38.0,0.2,1.0,7.0,0.14,1059.0,36.484541529260426,39.988509311226075,39.274249384510426
38.0,0.2,1.0,8.0,0.16,1124.0,37.0868364512112,39.984847442728665,39.30792678438975
38.0,0.2,1.0,9.0,0.18,976.0,36.12037263228493,39.9701266306799,39.29981247103004
38.0,0.2,1.0,10.0,0.2,991.0,36.38344884825886,39.97245236629883,39.28932729597246
38.0,0.2,1.0,11.0,0.22,968.0,37.00953661357372,39.98601712372256,39.29423340729389
38.0,0.2,1.0,12.0,0.24,913.0,36.235031783013646,39.97278960010597,39.31310426292201
38.0,0.2,1.0,13.0,0.26,872.0,37.14823653055252,39.94237892355809,39.2714360862794
38.0,0.2,1.0,14.0,0.28,934.0,36.56386726811185,39.99038802691751,39.31846172465495
38.0,0.2,1.0,15.0,0.3,812.0,36.72081255481695,39.95386551717626,39.27622135413542
38.0,0.2,1.0,16.0,0.32,859.0,36.375781466046845,39.976771125796866,39.292586306829634
38.0,0.2,1.0,17.0,0.34,886.0,36.60259574421975,39.97822850706014,39.33672983021104
38.0,0.2,1.0,18.0,0.36,883.0,36.71374829579584,39.97300416547887,39.31975672389487
38.0,0.2,1.0,19.0,0.38,756.0,36.57462492522826,39.949949780995134,39.26688612172313
38.0,0.2,1.0,20.0,0.4,825.0,37.067668757825885,39.98891685038432,39.335748366840775
38.0,0.2,1.0,21.0,0.42,817.0,37.37197740866638,39.95005293926605,39.27756605194971
38.0,0.2,1.0,22.0,0.44,853.0,36.37860556240525,39.99011787843434,39.30790899836247
38.0,0.2,1.0,23.0,0.46,835.0,36.50954930840232,39.95922371205356,39.29077203630344
38.0,0.2,1.0,24.0,0.48,793.0,36.79540819210169,39.92764174559382,39.26897828871405
38.0,0.2,1.0,25.0,0.5,791.0,36.774355409502554,39.943887149766425,39.2628469887582
38.0,0.2,1.0,26.0,0.52,792.0,36.46132670997609,39.96640031012348,39.328003789784304
38.0,0.2,1.0,27.0,0.54,849.0,36.93456753477407,39.96460516108575,39.29555553071348
38.0,0.2,1.0,28.0,0.56,832.0,37.3241276972882,39.97483802646417,39.28579775291263
38.0,0.2,1.0,29.0,0.58,785.0,36.85526112856192,39.93776278583823,39.27199299748243
38.0,0.2,1.0,30.0,0.6,828.0,36.41104840246334,39.94157346441448,39.288639950606964
38.0,0.2,1.0,31.0,0.62,894.0,36.99378894193059,39.956405723818996,39.30966474073128
38.0,0.2,1.0,32.0,0.64,927.0,36.725885257766635,39.98543421276406,39.300395568028996
38.0,0.2,1.0,33.0,0.66,896.0,36.068832671130274,39.93173241753368,39.261591685928515
38.0,0.2,1.0,34.0,0.68,864.0,37.18668486259234,39.90594285757978,39.248308371944944
38.0,0.2,1.0,35.0,0.7000000000000001,910.0,36.731514195759225,39.9340825010696,39.27030400583529
38.0,0.2,1.0,36.0,0.72,893.0,36.40227352898749,39.876029348950276,39.21567539454867
38.0,0.2,1.0,37.0,0.74,1017.0,36.717408375069745,39.89360782390316,39.21639347012416
38.0,0.2,1.0,38.0,0.76,999.0,37.063605326671194,39.86642698213151,39.22694167707872
38.0,0.2,1.0,39.0,0.78,1090.0,36.73772591032467,39.91528693031328,39.25546185700626
38.0,0.2,1.0,40.0,0.8,1105.0,36.72781677775644,39.86706466654361,39.20174376901328
38.0,0.2,1.0,41.0,0.8200000000000001,1196.0,36.75021443337177,39.83170913889636,39.17561703987314
38.0,0.2,1.0,42.0,0.84,1276.0,36.26698688588528,39.82106645257236,39.160979472890205
38.0,0.2,1.0,43.0,0.86,1505.0,36.005201185649824,39.80192790173064,39.129965925387644
38.0,0.2,1.0,44.0,0.88,1664.0,36.315104351654306,39.73816890982289,39.058190310899406
38.0,0.2,1.0,45.0,0.9,1909.0,35.83445677685033,39.658578044071284,38.949336547843984
38.0,0.2,1.0,46.0,0.92,2555.0,36.47876602546641,39.57652898259337,38.876769628852024
38.0,0.2,1.0,47.0,0.9400000000000001,4120.0,35.73264450720461,39.38250400064656,38.561237095272624
38.0,0.2,1.0,48.0,0.96,8097.0,33.87256484132215,38.79393664586115,37.73497849353585
38.0,0.2,1.0,49.0,0.98,38545.0,15.691945252464773,37.28878047742301,32.66434948790022
38.0,0.2,2.0,1.0,0.02,1083.0,36.92276527365327,39.99858045316154,39.08315638771743
38.0,0.2,2.0,2.0,0.04,1071.0,36.54360129684786,39.99057425507717,39.191115623959455
38.0,0.2,2.0,3.0,0.06,1066.0,36.84204086081613,39.99809142903287,39.27058053826653
38.0,0.2,2.0,4.0,0.08,933.0,36.196801778363216,39.98873401986201,39.2919360392268
38.0,0.2,2.0,5.0,0.1,887.0,36.835984745074555,39.97886683720171,39.28112925017276
38.0,0.2,2.0,6.0,0.12,885.0,37.231106765922725,39.99034662884005,39.30764385974493
38.0,0.2,2.0,7.0,0.14,765.0,36.484541529260426,39.99736416689228,39.2929824650785
38.0,0.2,2.0,8.0,0.16,790.0,36.787559307727136,39.99097610757723,39.34560390000727
38.0,0.2,2.0,9.0,0.18,738.0,36.12037263228493,39.98778186364048,39.31364651691158
38.0,0.2,2.0,10.0,0.2,647.0,36.98419239594794,39.998862157774255,39.31267920450513
38.0,0.2,2.0,11.0,0.22,685.0,36.86996216128238,39.993934403421974,39.325450301871506
38.0,0.2,2.0,12.0,0.24,706.0,36.462874943375866,39.991172824243655,39.319752217342966
38.0,0.2,2.0,13.0,0.26,664.0,36.79308035604664,39.98689175630688,39.30348060671285
38.0,0.2,2.0,14.0,0.28,659.0,36.56386726811185,39.97877412181032,39.287485436336596
38.0,0.2,2.0,15.0,0.3,602.0,37.50581199909231,39.99973880466613,39.337996557385544
38.0,0.2,2.0,16.0,0.32,593.0,36.79685657744817,39.98837609671082,39.32076329174862
38.0,0.2,2.0,17.0,0.34,571.0,36.60259574421975,39.9732543309863,39.3213458880006
38.0,0.2,2.0,18.0,0.36,584.0,36.97209831992079,39.98605260741123,39.33774008478507
38.0,0.2,2.0,19.0,0.38,532.0,37.21778294456625,39.948319517783865,39.300551338643714
38.0,0.2,2.0,20.0,0.4,525.0,37.067668757825885,39.97636655753499,39.317381658206735
38.0,0.2,2.0,21.0,0.42,576.0,37.53043758380874,39.99978753335758,39.323364966119605
38.0,0.2,2.0,22.0,0.44,548.0,36.96683091085299,39.99839815083831,39.300304368291016
38.0,0.2,2.0,23.0,0.46,498.0,36.50954930840232,39.97815333353794,39.30854628246091
38.0,0.2,2.0,24.0,0.48,494.0,36.81483585545375,39.98103775947672,39.34751015387864
38.0,0.2,2.0,25.0,0.5,477.0,36.71315277295521,39.9799983992274,39.348765120142644
38.0,0.2,2.0,26.0,0.52,495.0,36.796923208676276,39.98823581343754,39.345159418294955
38.0,0.2,2.0,27.0,0.54,491.0,37.186997622636696,39.998979644198776,39.32644250825863
38.0,0.2,2.0,28.0,0.56,456.0,37.28089993532417,39.992821766112236,39.29945009479327
38.0,0.2,2.0,29.0,0.58,463.0,36.85526112856192,39.99009849479635,39.299012836628684
38.0,0.2,2.0,30.0,0.6,463.0,37.31567836803299,39.98119888788152,39.31010647710704
38.0,0.2,2.0,31.0,0.62,469.0,36.68122518932816,39.98564016252672,39.34081941404901
38.0,0.2,2.0,32.0,0.64,475.0,36.95024655870814,39.97724405240303,39.295246122087825
38.0,0.2,2.0,33.0,0.66,456.0,36.978239796142375,39.988373881279394,39.3210355433652
38.0,0.2,2.0,34.0,0.68,430.0,37.193019919598456,39.991907030135685,39.35524477235494
38.0,0.2,2.0,35.0,0.7000000000000001,428.0,37.711109872450955,39.971573798088784,39.365108843552456
38.0,0.2,2.0,36.0,0.72,430.0,37.26082641696263,39.99214754249738,39.348565440071326
38.0,0.2,2.0,37.0,0.74,481.0,36.717408375069745,39.97770379528849,39.30324745510899
38.0,0.2,2.0,38.0,0.76,427.0,36.91559077701949,39.978928007933156,39.329033378316105
38.0,0.2,2.0,39.0,0.78,443.0,36.321391669102674,39.97765359736773,39.35636222021971
38.0,0.2,2.0,40.0,0.8,443.0,37.51447191352234,39.99667406322698,39.37339705672347
38.0,0.2,2.0,41.0,0.8200000000000001,443.0,37.081421526579966,39.991049516312444,39.343614448568275
38.0,0.2,2.0,42.0,0.84,413.0,37.1389622548841,39.99999402936445,39.336782922211654
38.0,0.2,2.0,43.0,0.86,427.0,36.78323789408153,39.992774572243874,39.33313681787353
38.0,0.2,2.0,44.0,0.88,387.0,37.25082811747173,39.93820561452812,39.273138561254086
38.0,0.2,2.0,45.0,0.9,434.0,37.28331543588908,39.9825766743168,39.31231119139894
38.0,0.2,2.0,46.0,0.92,449.0,37.73160690179602,39.98978784115987,39.37663893887727
38.0,0.2,2.0,47.0,0.9400000000000001,439.0,36.99451914683555,39.97321523918276,39.30522119170504
38.0,0.2,2.0,48.0,0.96,379.0,36.2463949967925,39.98333139679442,39.28681933137634
38.0,0.2,2.0,49.0,0.98,447.0,37.038832795024256,39.9570079153266,39.30040823012763
38.0,0.2,2.0,50.0,1.0,436.0,37.01405786203687,39.97682728990477,39.36970108380744
38.0,0.2,2.0,51.0,1.02,455.0,36.89171347015672,39.98765811555276,39.333684559643594
38.0,0.2,2.0,52.0,1.04,415.0,36.21215028098115,39.998708301732506,39.339385723372715
38.0,0.2,2.0,53.0,1.06,411.0,36.80204839114823,39.96986666462439,39.331658041468316
38.0,0.2,2.0,54.0,1.08,414.0,37.14793794860324,39.96379939710066,39.29617236214526
38.0,0.2,2.0,55.0,1.1,452.0,37.39681767018304,39.99954488776083,39.326790946866645
38.0,0.2,2.0,56.0,1.12,422.0,37.086134424134805,39.97486994277801,39.33668305857564
38.0,0.2,2.0,57.0,1.1400000000000001,430.0,37.09857296371157,39.960892833042706,39.273625743139426
38.0,0.2,2.0,58.0,1.16,423.0,36.987452658417126,39.92872613725807,39.31235009615594
38.0,0.2,2.0,59.0,1.18,423.0,37.250577613448534,39.972650210472125,39.351728786834556
38.0,0.2,2.0,60.0,1.2,486.0,36.550463841813205,39.9921846691557,39.3119488171796
38.0,0.2,2.0,61.0,1.22,434.0,36.986090035456726,39.95577700043065,39.31736279730517
38.0,0.2,2.0,62.0,1.24,383.0,36.580029023310914,39.91522490432485,39.23791274165076
38.0,0.2,2.0,63.0,1.26,430.0,37.1895240775338,39.97536740520305,39.315542477036274
38.0,0.2,2.0,64.0,1.28,392.0,36.94285202162256,39.94764663863185,39.307738027524884
38.0,0.2,2.0,65.0,1.3,423.0,37.15567036571497,39.97182644446145,39.35408943250806
38.0,0.2,2.0,66.0,1.32,458.0,37.382652571576266,39.9900567137301,39.32845642952028
38.0,0.2,2.0,67.0,1.34,461.0,36.95997692919308,39.97908929752868,39.34815949656459
38.0,0.2,2.0,68.0,1.36,412.0,37.2018605862272,39.98578190047056,39.346683607515104
38.0,0.2,2.0,69.0,1.3800000000000001,442.0,36.79724575475543,39.95426645993741,39.31546162034395
38.0,0.2,2.0,70.0,1.4000000000000001,459.0,36.539839484719,39.951080920740615,39.307031255853495
38.0,0.2,2.0,71.0,1.42,419.0,37.125576822731816,39.93985353437923,39.26250445314423
38.0,0.2,2.0,72.0,1.44,461.0,36.840984215464026,39.95076981402201,39.336115700942194
38.0,0.2,2.0,73.0,1.46,478.0,36.97748986655588,39.967382554509285,39.33580155920941
38.0,0.2,2.0,74.0,1.48,470.0,36.87093279605449,39.95238052546922,39.3209545914006
38.0,0.2,2.0,75.0,1.5,461.0,36.65116607009425,39.94692544047993,39.307110258246865
38.0,0.2,2.0,76.0,1.52,475.0,36.76333265801116,39.961221477888316,39.29436835426229
38.0,0.2,2.0,77.0,1.54,541.0,36.52662530160108,39.96853474113015,39.30003235831085
38.0,0.2,2.0,78.0,1.56,477.0,36.860253595822826,39.911609668119056,39.259133001455844
38.0,0.2,2.0,79.0,1.58,487.0,36.783259451874606,39.89810694596656,39.24766245645956
38.0,0.2,2.0,80.0,1.6,485.0,36.06557290683271,39.925279700271865,39.26005156539679
38.0,0.2,2.0,81.0,1.62,527.0,37.30551969503581,39.925179114203026,39.278542919250675
38.0,0.2,2.0,82.0,1.6400000000000001,497.0,36.85369453436787,39.90713627399032,39.26749153547403
38.0,0.2,2.0,83.0,1.6600000000000001,548.0,37.026407378985084,39.92844579660306,39.290624974570896
38.0,0.2,2.0,84.0,1.68,581.0,37.110717753755424,39.93755324433509,39.311563959806165
38.0,0.2,2.0,85.0,1.7,617.0,36.808380747944135,39.963268961373004,39.30928873159145
38.0,0.2,2.0,86.0,1.72,550.0,36.15035364727357,39.867130685743305,39.196978453038824
38.0,0.2,2.0,87.0,1.74,638.0,35.84631962195942,39.9091075770876,39.26367778345575
38.0,0.2,2.0,88.0,1.76,718.0,36.14337336205061,39.89176825870782,39.19500283216089
38.0,0.2,2.0,89.0,1.78,716.0,36.5731884797264,39.86075270034932,39.1655845550771
38.0,0.2,2.0,90.0,1.8,743.0,36.16539167001173,39.832662687023685,39.181456711337354
38.0,0.2,2.0,91.0,1.82,856.0,36.83999055472757,39.85751224772403,39.1736354810926
38.0,0.2,2.0,92.0,1.84,871.0,36.24417677004765,39.793917938923435,39.114856100675084
38.0,0.2,2.0,93.0,1.86,1010.0,36.56721918776812,39.74350585070758,39.078256439830426
38.0,0.2,2.0,94.0,1.8800000000000001,1106.0,36.399152137947105,39.69545776825683,39.01744450039085
38.0,0.2,2.0,95.0,1.9000000000000001,1374.0,36.53803725119735,39.64678620962566,38.95393520471361
38.0,0.2,2.0,96.0,1.92,1919.0,35.66796528016927,39.540051359681826,38.78958172181464
38.0,0.2,2.0,97.0,1.94,3126.0,34.439704647385696,39.25912052198996,38.41253609871712
38.0,0.2,2.0,98.0,1.96,6466.0,33.253747902889344,38.54017841120089,37.39120491405484
38.0,0.2,2.0,99.0,1.98,34659.0,12.159475280454076,36.76668449885842,30.797492188786023
38.0,0.4,1.0,1.0,0.02,1886.0,34.537225946618186,39.95393015852479,38.666454803540944
38.0,0.4,1.0,2.0,0.04,1550.0,33.95491746253127,39.94071145193422,38.66707531310472
38.0,0.4,1.0,3.0,0.06,1226.0,33.47337832366749,39.882415435120855,38.586554186960576
38.0,0.4,1.0,4.0,0.08,1078.0,34.52329125887652,39.913572743237474,38.67403746246985
38.0,0.4,1.0,5.0,0.1,1063.0,34.01429142661459,39.931932689100094,38.62290145359495
38.0,0.4,1.0,6.0,0.12,915.0,29.129189760205982,39.788808637888756,37.996821799108766
38.0,0.4,1.0,7.0,0.14,951.0,26.754620062359077,39.86767101995448,38.34125460342954
38.0,0.4,1.0,8.0,0.16,938.0,28.07521548684218,39.98675676513176,38.54320069217369
38.0,0.4,1.0,9.0,0.18,811.0,28.183471851582325,39.85040803427903,38.34527623366739
38.0,0.4,1.0,10.0,0.2,933.0,26.634919752695993,39.99567020512837,38.48387156553847
38.0,0.4,1.0,11.0,0.22,811.0,27.493747256519367,39.7560797768486,37.92269175423235
38.0,0.4,1.0,12.0,0.24,730.0,24.879387183348513,39.99402491983886,38.39847254568074
38.0,0.4,1.0,13.0,0.26,769.0,26.13329268992259,39.999800080436835,38.346789227608774
38.0,0.4,1.0,14.0,0.28,805.0,24.326937559367426,39.9999618279535,38.19069155244193
38.0,0.4,1.0,15.0,0.3,831.0,23.12066733496091,39.83486825224753,37.70062210135467
38.0,0.4,1.0,16.0,0.32,688.0,23.796646491282058,39.99822087072897,38.73379018980975
38.0,0.4,1.0,17.0,0.34,751.0,23.19673019080439,39.99660069560705,38.74551608535204
38.0,0.4,1.0,18.0,0.36,589.0,22.840776457867204,39.997151777286795,39.151822923038004
38.0,0.4,1.0,19.0,0.38,724.0,22.58426929710402,39.99911349567964,38.42599334517687
38.0,0.4,1.0,20.0,0.4,558.0,22.37770182832182,39.997673970985694,38.969851849274875
38.0,0.4,1.0,21.0,0.42,778.0,22.709215813722977,39.99695714299961,38.321394950127605
38.0,0.4,1.0,22.0,0.44,699.0,21.298077917267335,39.99953077377909,38.591545184453715
38.0,0.4,1.0,23.0,0.46,668.0,20.505320922792095,39.99723851466986,38.69619239867639
38.0,0.4,1.0,24.0,0.48,742.0,21.405120926769193,39.99863395592643,38.60527210845114
38.0,0.4,1.0,25.0,0.5,613.0,21.462308702591304,39.99743997285861,38.882220455039665
38.0,0.4,1.0,26.0,0.52,598.0,21.900365904282314,39.999727654138624,39.032536008096905
38.0,0.4,1.0,27.0,0.54,736.0,20.190492282854166,39.99724132358643,38.60097639219519
38.0,0.4,1.0,28.0,0.56,625.0,18.494010093860805,39.99998459427104,38.734015826051376
38.0,0.4,1.0,29.0,0.58,664.0,20.847291111663527,39.99886765098947,38.608602685496145
38.0,0.4,1.0,30.0,0.6,720.0,20.02871326421387,39.99517926825371,38.70117757815869
38.0,0.4,1.0,31.0,0.62,731.0,19.85871335169554,39.99985582963479,38.61489910569135
38.0,0.4,1.0,32.0,0.64,666.0,19.863871774567453,39.997919904168604,38.65866140400301
38.0,0.4,1.0,33.0,0.66,779.0,19.71967529456128,39.99832748300099,38.603822555947566
38.0,0.4,1.0,34.0,0.68,648.0,19.76759714212491,39.997203399875566,38.63184585937917
38.0,0.4,1.0,35.0,0.7000000000000001,786.0,19.5196410133746,39.998553256646744,38.38065705021722
38.0,0.4,1.0,36.0,0.72,736.0,19.318530047923232,39.9984060299083,38.318024729833056
38.0,0.4,1.0,37.0,0.74,779.0,18.839062894532542,39.99906684965701,38.34070059176379
38.0,0.4,1.0,38.0,0.76,922.0,19.74305142927455,39.997540149055546,38.113318771814576
38.0,0.4,1.0,39.0,0.78,979.0,18.46957309388864,39.99935369290072,37.98291434781384
38.0,0.4,1.0,40.0,0.8,1022.0,18.365068385624284,39.99998543644729,37.99789188973649
38.0,0.4,1.0,41.0,0.8200000000000001,1195.0,17.294905053055615,39.99674540064568,37.737273793871026
38.0,0.4,1.0,42.0,0.84,1382.0,17.874181410719256,39.99982642718583,37.38796042285633
38.0,0.4,1.0,43.0,0.86,1570.0,16.669181294529416,39.83833308159239,37.168433097196264
38.0,0.4,1.0,44.0,0.88,1735.0,17.124636484389573,39.57362045534248,36.80385758102323
38.0,0.4,1.0,45.0,0.9,1912.0,16.4808895608928,39.38744436876602,36.25736370244609
38.0,0.4,1.0,46.0,0.92,2567.0,16.000534436083118,39.17992475417881,35.8858102858649
38.0,0.4,1.0,47.0,0.9400000000000001,4272.0,15.212476433431734,38.86351614772536,35.49583638718182
38.0,0.4,1.0,48.0,0.96,10848.0,15.063338937777676,37.86535295297597,34.04398227239957
38.0,0.4,1.0,49.0,0.98,38592.0,5.87501679760061,34.27726245640506,26.93783128768775
38.0,0.4,2.0,1.0,0.02,1275.0,34.24834808108982,39.99887140554192,38.67131359264946
38.0,0.4,2.0,2.0,0.04,998.0,33.95491746253127,39.973984422063324,38.66569744365334
38.0,0.4,2.0,3.0,0.06,852.0,34.20962376648662,39.938276628336205,38.69999835492694
38.0,0.4,2.0,4.0,0.08,668.0,34.20443701051961,39.8981503602664,38.656200433430875
38.0,0.4,2.0,5.0,0.1,707.0,35.33000861641776,39.99942480518456,38.744751653705904
38.0,0.4,2.0,6.0,0.12,593.0,34.39279872406244,39.951587698758345,38.68783783334998
38.0,0.4,2.0,7.0,0.14,584.0,34.17145943457025,39.97917104341055,38.67186049931037
38.0,0.4,2.0,8.0,0.16,544.0,34.8840746389347,39.9891950023954,38.76988879331383
38.0,0.4,2.0,9.0,0.18,504.0,34.687571129620515,39.99207468663788,38.804490937713325
38.0,0.4,2.0,10.0,0.2,503.0,35.129231457703796,39.99998236320373,38.72105259533832
38.0,0.4,2.0,11.0,0.22,500.0,34.92349172877901,39.99354363336157,38.70799513955263
38.0,0.4,2.0,12.0,0.24,463.0,33.77547968302682,39.926820417423045,38.5958575869571
38.0,0.4,2.0,13.0,0.26,430.0,34.24966837961288,39.90932747971458,38.65719754586262
38.0,0.4,2.0,14.0,0.28,478.0,33.87744371942183,39.9795283990048,38.69192257019273
38.0,0.4,2.0,15.0,0.3,429.0,33.5890736576904,39.93299722798963,38.63991815056554
38.0,0.4,2.0,16.0,0.32,413.0,33.14580082849092,39.975800603186265,38.68081742175461
38.0,0.4,2.0,17.0,0.34,383.0,34.07800494853332,39.973871629645316,38.68410879810122
38.0,0.4,2.0,18.0,0.36,412.0,34.70004201249531,39.96191340228521,38.7535932677132
38.0,0.4,2.0,19.0,0.38,373.0,32.40528377399264,39.91949567343079,38.67533625633403
38.0,0.4,2.0,20.0,0.4,387.0,34.599681681717804,39.97583339951591,38.706457136944195
38.0,0.4,2.0,21.0,0.42,383.0,34.67100375933332,39.93426090167631,38.69928432899959
38.0,0.4,2.0,22.0,0.44,391.0,34.41374118597541,39.9995344642013,38.63489558500964
38.0,0.4,2.0,23.0,0.46,359.0,33.50053948698077,39.98442743565801,38.66231360364451
38.0,0.4,2.0,24.0,0.48,333.0,33.99507511720865,39.886949574502054,38.70494138214612
38.0,0.4,2.0,25.0,0.5,340.0,33.73999720750885,39.99705122449806,38.71745616320846
38.0,0.4,2.0,26.0,0.52,353.0,33.82642516711207,39.998993077645146,38.69674354760501
38.0,0.4,2.0,27.0,0.54,340.0,35.19776368747891,39.93096375641395,38.67537733538855
38.0,0.4,2.0,28.0,0.56,346.0,34.60936599827449,39.990020915899535,38.64067182151276
38.0,0.4,2.0,29.0,0.58,321.0,33.73077414689475,39.94721650856049,38.662050255490755
38.0,0.4,2.0,30.0,0.6,319.0,34.50971850305751,39.971424294785244,38.6330057343226
38.0,0.4,2.0,31.0,0.62,335.0,34.63253777946088,39.99985582963479,38.72475909096363
38.0,0.4,2.0,32.0,0.64,339.0,33.702043737520086,39.88739316626035,38.609650053379376
38.0,0.4,2.0,33.0,0.66,319.0,34.63407314543999,39.89937619411623,38.578247448278596
38.0,0.4,2.0,34.0,0.68,320.0,34.01004950026316,39.99845290171001,38.744734225177595
38.0,0.4,2.0,35.0,0.7000000000000001,320.0,35.34889569955511,39.93542178742179,38.678143236525976
38.0,0.4,2.0,36.0,0.72,288.0,34.63084802538862,39.9987865389952,38.75984856055431
38.0,0.4,2.0,37.0,0.74,355.0,35.07905440537552,39.99865372481103,38.66682341136649
38.0,0.4,2.0,38.0,0.76,341.0,35.3569781950736,39.9015845625565,38.615909005726515
38.0,0.4,2.0,39.0,0.78,315.0,34.94876733784806,39.89524633404041,38.588927498630284
38.0,0.4,2.0,40.0,0.8,321.0,34.516990081545536,39.97229154258237,38.7856821807055
38.0,0.4,2.0,41.0,0.8200000000000001,331.0,34.20481464613555,39.99409695680101,38.68632638822181
38.0,0.4,2.0,42.0,0.84,321.0,33.82180262557905,39.91473102334838,38.636962399063414
38.0,0.4,2.0,43.0,0.86,316.0,33.92022878358587,39.84757526876708,38.5251151049015
38.0,0.4,2.0,44.0,0.88,289.0,34.16630556558829,39.91546036900109,38.67303230134395
38.0,0.4,2.0,45.0,0.9,325.0,34.254994131945914,39.8775753619935,38.611092422042866
38.0,0.4,2.0,46.0,0.92,324.0,34.368036102818266,39.91230696206192,38.59688010154488
38.0,0.4,2.0,47.0,0.9400000000000001,299.0,33.33994373353598,39.86623206847837,38.59088219740938
38.0,0.4,2.0,48.0,0.96,308.0,34.535798746222234,39.95507759875665,38.75438403804702
38.0,0.4,2.0,49.0,0.98,332.0,34.64002109621735,39.915627190779276,38.656237510178606
38.0,0.4,2.0,50.0,1.0,297.0,33.98433881614964,39.928163755706656,38.57736144463441
38.0,0.4,2.0,51.0,1.02,315.0,33.52362807169133,39.995950405980665,38.73133577721384
38.0,0.4,2.0,52.0,1.04,336.0,34.64616881716105,39.957032340150924,38.71103020004328
38.0,0.4,2.0,53.0,1.06,313.0,34.01320317972927,39.903824040796515,38.654250797794205
38.0,0.4,2.0,54.0,1.08,315.0,35.15651690096575,39.981118806749606,38.73086903703891
38.0,0.4,2.0,55.0,1.1,332.0,33.58858311509506,39.995525229935055,38.66077495555067
38.0,0.4,2.0,56.0,1.12,350.0,34.51851577993099,39.94148287313798,38.722869423406365
38.0,0.4,2.0,57.0,1.1400000000000001,332.0,34.322646109282886,39.99954441619324,38.6767145532695
38.0,0.4,2.0,58.0,1.16,369.0,34.639046107969804,39.99087581645895,38.76759670423629
38.0,0.4,2.0,59.0,1.18,370.0,32.45156735133026,39.96537195098708,38.662613404439696
38.0,0.4,2.0,60.0,1.2,327.0,34.13033519319165,39.79910119051422,38.46613971035597
38.0,0.4,2.0,61.0,1.22,362.0,34.76520249538038,39.93328850866619,38.63227626778981
38.0,0.4,2.0,62.0,1.24,314.0,34.11560337829899,39.9555527875417,38.73638349817913
38.0,0.4,2.0,63.0,1.26,369.0,33.928724344810504,39.96246349826516,38.652558408916676
38.0,0.4,2.0,64.0,1.28,325.0,33.90763704461929,39.93119873539089,38.727729617091164
38.0,0.4,2.0,65.0,1.3,360.0,33.570507484551385,39.93231273660004,38.61447894780215
38.0,0.4,2.0,66.0,1.32,362.0,32.83334515929967,39.9021539124406,38.56222204919262
38.0,0.4,2.0,67.0,1.34,334.0,34.800645465795895,39.881424203436616,38.663812671470694
38.0,0.4,2.0,68.0,1.36,347.0,34.1869608729806,39.8152378251079,38.580242407217135
38.0,0.4,2.0,69.0,1.3800000000000001,333.0,35.0808398516135,39.86811426433018,38.65078723409123
38.0,0.4,2.0,70.0,1.4000000000000001,357.0,34.64545784659822,39.79363889469761,38.49005365144821
38.0,0.4,2.0,71.0,1.42,401.0,33.70291374991827,39.866890635321674,38.62754392587756
38.0,0.4,2.0,72.0,1.44,387.0,33.99413539079843,39.92968535329739,38.58219808737572
38.0,0.4,2.0,73.0,1.46,360.0,33.65515248137505,39.7838912420741,38.47315691704155
38.0,0.4,2.0,74.0,1.48,440.0,34.09559271231394,39.84192789547395,38.54367848843083
38.0,0.4,2.0,75.0,1.5,364.0,32.70411441882576,39.78217580319637,38.59137788282599
38.0,0.4,2.0,76.0,1.52,388.0,34.06753692687052,39.88014342468836,38.593508830696734
38.0,0.4,2.0,77.0,1.54,415.0,34.085887856804284,39.85737768911326,38.54462998945715
38.0,0.4,2.0,78.0,1.56,405.0,35.0756954079996,39.75487956029855,38.44875621051656
38.0,0.4,2.0,79.0,1.58,467.0,35.048573540856836,39.81609990392568,38.44272427624096
38.0,0.4,2.0,80.0,1.6,440.0,33.209199637691135,39.84047290767483,38.55457981793435
38.0,0.4,2.0,81.0,1.62,417.0,34.04567277264173,39.75875093999789,38.512484364722106
38.0,0.4,2.0,82.0,1.6400000000000001,503.0,34.38231655291343,39.839965411232676,38.583546095615205
38.0,0.4,2.0,83.0,1.6600000000000001,459.0,33.33866936167228,39.74732451338059,38.44889640665034
38.0,0.4,2.0,84.0,1.68,564.0,32.85624177833989,39.75778243387605,38.49737874924529
38.0,0.4,2.0,85.0,1.7,548.0,33.44467107088142,39.8042104824218,38.46858647650587
38.0,0.4,2.0,86.0,1.72,504.0,33.746649377001496,39.63303727619351,38.37532164599174
38.0,0.4,2.0,87.0,1.74,522.0,35.082393504802866,39.628461676557315,38.40716541162167
38.0,0.4,2.0,88.0,1.76,591.0,34.10192956444206,39.586173232818936,38.24882353132061
38.0,0.4,2.0,89.0,1.78,604.0,33.25644319380749,39.60339435305829,38.33810794566131
38.0,0.4,2.0,90.0,1.8,703.0,34.46006170627948,39.62592664858444,38.4119718562892
38.0,0.4,2.0,91.0,1.82,725.0,33.29874091479777,39.54492496337276,38.23964886972386
38.0,0.4,2.0,92.0,1.84,826.0,33.36782078427448,39.54494637182528,38.23426788802476
38.0,0.4,2.0,93.0,1.86,1028.0,32.865228710914195,39.42783161876338,38.115869802794926
38.0,0.4,2.0,94.0,1.8800000000000001,1140.0,31.829715882026704,39.300686968138855,37.937286180495015
38.0,0.4,2.0,95.0,1.9000000000000001,1467.0,31.599294687415576,39.10633803538939,37.703351265070495
38.0,0.4,2.0,96.0,1.92,1988.0,32.25861377571899,38.72509779592227,37.34521157225771
38.0,0.4,2.0,97.0,1.94,3221.0,30.012652214645385,38.116615022584334,36.49247330511797
38.0,0.4,2.0,98.0,1.96,7497.0,27.75689406470842,36.672300999738916,34.32891127632938
38.0,0.4,2.0,99.0,1.98,42823.0,3.191947681451986,32.931040492973224,22.807809241187414
40.0,0.2,1.0,1.0,0.02,2321.0,37.60434137450984,39.97220460323888,39.48453312793638
40.0,0.2,1.0,2.0,0.04,1846.0,37.03578736359527,39.98444221167959,39.42788189301192
40.0,0.2,1.0,3.0,0.06,1620.0,36.86920103069469,39.98185785844145,39.41418542374878
40.0,0.2,1.0,4.0,0.08,1389.0,36.860772526388516,39.982043518680264,39.37996092774197
40.0,0.2,1.0,5.0,0.1,1230.0,37.11209414007687,39.980231814989594,39.361155202708865
40.0,0.2,1.0,6.0,0.12,1201.0,36.92412002777377,39.9819692441399,39.3728543851838
40.0,0.2,1.0,7.0,0.14,1129.0,36.528307861503826,39.976442586287575,39.361513151132186
40.0,0.2,1.0,8.0,0.16,1142.0,36.64657365262645,39.9997349904593,39.35978399304392
40.0,0.2,1.0,9.0,0.18,986.0,37.430819799052585,39.98501574732739,39.375002402058215
40.0,0.2,1.0,10.0,0.2,948.0,36.69057843495883,39.96609470582132,39.31903141955991
40.0,0.2,1.0,11.0,0.22,938.0,36.69751090718107,39.958094179673736,39.34592431533424
40.0,0.2,1.0,12.0,0.24,929.0,36.82777499723311,39.97765772751487,39.34011249655666
40.0,0.2,1.0,13.0,0.26,894.0,36.915274004670884,39.96586675543893,39.36236428582976
40.0,0.2,1.0,14.0,0.28,854.0,36.893601959162766,39.97448630202688,39.31907663020933
40.0,0.2,1.0,15.0,0.3,884.0,36.797081413835016,39.98550468132704,39.3477906828515
40.0,0.2,1.0,16.0,0.32,889.0,36.810361144381034,39.972690087491436,39.371237062960674
40.0,0.2,1.0,17.0,0.34,877.0,37.31752481875783,39.994228038332764,39.34000020782031
40.0,0.2,1.0,18.0,0.36,759.0,37.375114346793055,39.947171733759056,39.31591797692527
40.0,0.2,1.0,19.0,0.38,844.0,36.53677826583031,39.960542083646104,39.30375821899726
40.0,0.2,1.0,20.0,0.4,800.0,36.37325977762619,39.940917440057,39.298766772988564
40.0,0.2,1.0,21.0,0.42,747.0,36.85575014253339,39.9627944412812,39.37885016231869
40.0,0.2,1.0,22.0,0.44,801.0,36.63325025782191,39.965184159058595,39.323474385659416
40.0,0.2,1.0,23.0,0.46,777.0,36.22384308005477,39.96831445337333,39.28077826945014
40.0,0.2,1.0,24.0,0.48,736.0,35.88976236744172,39.93202092125199,39.28654482350347
40.0,0.2,1.0,25.0,0.5,795.0,36.97937500152314,39.98982256654345,39.35870372097442
40.0,0.2,1.0,26.0,0.52,849.0,36.48203838940582,39.989838150532016,39.32517109953652
40.0,0.2,1.0,27.0,0.54,818.0,37.07361464062458,39.96003468448052,39.31530452460522
40.0,0.2,1.0,28.0,0.56,752.0,36.33828317386184,39.92466217618127,39.2944855535078
40.0,0.2,1.0,29.0,0.58,773.0,36.701770281496316,39.930232599201275,39.28494781467123
40.0,0.2,1.0,30.0,0.6,815.0,36.153998684428444,39.94344812311554,39.317366765465955
40.0,0.2,1.0,31.0,0.62,914.0,36.54908714089836,39.96267759469883,39.323155868051316
40.0,0.2,1.0,32.0,0.64,846.0,36.79454038900261,39.94004185201968,39.313013798217376
40.0,0.2,1.0,33.0,0.66,839.0,37.07818149376595,39.930258759327465,39.28106428163268
40.0,0.2,1.0,34.0,0.68,850.0,36.565730441272244,39.91528371014434,39.27287985845815
40.0,0.2,1.0,35.0,0.7000000000000001,904.0,36.451689981991336,39.95176216180361,39.310327896637624
40.0,0.2,1.0,36.0,0.72,949.0,35.78378358617407,39.907152302918256,39.26359872078797
40.0,0.2,1.0,37.0,0.74,999.0,36.99023433485416,39.905278729956365,39.27417362334814
40.0,0.2,1.0,38.0,0.76,1001.0,36.25177904916747,39.895180925352236,39.2522932213465
40.0,0.2,1.0,39.0,0.78,1016.0,36.83869704468663,39.85540750686229,39.213795935420436
40.0,0.2,1.0,40.0,0.8,1016.0,36.14720712852355,39.81995517096249,39.16990652195821
40.0,0.2,1.0,41.0,0.8200000000000001,1183.0,36.52421226611719,39.85776660535278,39.18557512559699
40.0,0.2,1.0,42.0,0.84,1194.0,36.468750953011565,39.80200441528606,39.13949675592854
40.0,0.2,1.0,43.0,0.86,1354.0,35.696448674456676,39.81434007046449,39.14194162513193
40.0,0.2,1.0,44.0,0.88,1519.0,35.86455387115202,39.76590796594409,39.116730816541995
40.0,0.2,1.0,45.0,0.9,1932.0,36.25982724773263,39.71172995053493,39.03095246984875
40.0,0.2,1.0,46.0,0.92,2341.0,36.04510974164118,39.57633607989186,38.88616645050335
40.0,0.2,1.0,47.0,0.9400000000000001,3733.0,35.496238493742005,39.40723200482497,38.607103991401424
40.0,0.2,1.0,48.0,0.96,7144.0,34.51354346552371,38.8461942812897,37.822483045868935
40.0,0.2,1.0,49.0,0.98,29567.0,16.517837107857655,37.41162841422251,33.18287792901221
40.0,0.2,2.0,1.0,0.02,1796.0,37.32269083888981,39.98682573083412,39.496658995362225
40.0,0.2,2.0,2.0,0.04,1432.0,36.96434697953754,39.99627252742471,39.42290041055238
40.0,0.2,2.0,3.0,0.06,1213.0,37.103127883881925,39.99042753469218,39.40040795511614
40.0,0.2,2.0,4.0,0.08,1019.0,37.16165228664827,39.995653858249625,39.40093018809422
40.0,0.2,2.0,5.0,0.1,945.0,36.823576421360734,39.99064782326374,39.38316427867537
40.0,0.2,2.0,6.0,0.12,846.0,37.1951142623108,39.99979716111672,39.40515972647556
40.0,0.2,2.0,7.0,0.14,869.0,36.86155514239991,39.99832140797147,39.38548592847628
40.0,0.2,2.0,8.0,0.16,783.0,37.02021926038802,39.98288813134775,39.34951627192575
40.0,0.2,2.0,9.0,0.18,732.0,37.18080500207466,39.98838944135769,39.37624744681937
40.0,0.2,2.0,10.0,0.2,698.0,37.0600576266103,39.98728587317054,39.33998481323345
40.0,0.2,2.0,11.0,0.22,697.0,37.25612103528726,39.987701237578,39.383209010601476
40.0,0.2,2.0,12.0,0.24,679.0,36.68770212191314,39.98975033394474,39.35886110400402
40.0,0.2,2.0,13.0,0.26,674.0,37.03043358091532,39.99968380337967,39.38729469071823
40.0,0.2,2.0,14.0,0.28,614.0,37.4059507343437,39.998508500351754,39.355067140323165
40.0,0.2,2.0,15.0,0.3,568.0,36.48067606158349,39.9999155461449,39.36506856183194
40.0,0.2,2.0,16.0,0.32,570.0,36.88179516483123,39.99968004808658,39.38805477808913
40.0,0.2,2.0,17.0,0.34,621.0,37.31752481875783,39.99984916901809,39.396560587066844
40.0,0.2,2.0,18.0,0.36,560.0,35.117844635951094,39.99853225114984,39.3238374312583
40.0,0.2,2.0,19.0,0.38,550.0,36.56839730446251,39.96857348167266,39.35291882740217
40.0,0.2,2.0,20.0,0.4,536.0,37.06041553595761,39.99451910491913,39.36316186019448
40.0,0.2,2.0,21.0,0.42,570.0,36.650189195142936,39.9539732666318,39.35688370488679
40.0,0.2,2.0,22.0,0.44,491.0,36.839870345068,39.85379178370975,39.23802982872494
40.0,0.2,2.0,23.0,0.46,466.0,37.27904767075867,39.868338964663145,39.242742581874694
40.0,0.2,2.0,24.0,0.48,401.0,36.873219324725795,39.8484307920108,39.26510951325318
40.0,0.2,2.0,25.0,0.5,584.0,36.69258165431457,39.99751700761995,39.306757486068214
40.0,0.2,2.0,26.0,0.52,419.0,31.268262400629272,39.82704625270257,39.19841379162499
40.0,0.2,2.0,27.0,0.54,458.0,36.899399125019066,39.88157329839835,39.23303798699658
40.0,0.2,2.0,28.0,0.56,382.0,36.27778716084572,39.85965388722826,39.235638413259835
40.0,0.2,2.0,29.0,0.58,487.0,36.0473685819414,39.97153226698891,39.26528752302306
40.0,0.2,2.0,30.0,0.6,426.0,37.08522398732912,39.880037901296376,39.22432361513812
40.0,0.2,2.0,31.0,0.62,467.0,36.94905719770056,39.87960418741424,39.195991975614255
40.0,0.2,2.0,32.0,0.64,442.0,36.79454038900261,39.88776431976683,39.19628585449341
40.0,0.2,2.0,33.0,0.66,441.0,32.33801637186458,39.86343597151356,39.23484361942847
40.0,0.2,2.0,34.0,0.68,417.0,32.714795050069476,39.87630086563626,39.22470185587704
40.0,0.2,2.0,35.0,0.7000000000000001,395.0,30.943176897887206,39.899074008404625,39.169619499987576
40.0,0.2,2.0,36.0,0.72,424.0,30.77754446793749,39.91621842801397,39.227748491623984
40.0,0.2,2.0,37.0,0.74,447.0,30.42509250499792,39.99696766767241,39.30990527823137
40.0,0.2,2.0,38.0,0.76,442.0,36.97568574695311,39.99776037278233,39.372851336339025
40.0,0.2,2.0,39.0,0.78,401.0,37.49698867923171,39.99825912845031,39.338681025410544
40.0,0.2,2.0,40.0,0.8,407.0,37.35709836962365,39.998853710204855,39.33913093752673
40.0,0.2,2.0,41.0,0.8200000000000001,405.0,28.60017422454836,39.99996121095333,39.31396898451546
40.0,0.2,2.0,42.0,0.84,418.0,28.647986804548648,39.996747470148065,39.32217952279101
40.0,0.2,2.0,43.0,0.86,375.0,37.43000315671097,39.99943946913437,39.34905816643366
40.0,0.2,2.0,44.0,0.88,422.0,29.677139301167553,39.99958720428814,39.287465631130274
40.0,0.2,2.0,45.0,0.9,434.0,29.177072493828362,39.99758436342469,39.37524767173157
40.0,0.2,2.0,46.0,0.92,400.0,37.96797964298245,39.997900235831914,39.36838060040247
40.0,0.2,2.0,47.0,0.9400000000000001,448.0,37.596736913681504,39.99932120847338,39.30978653112165
40.0,0.2,2.0,48.0,0.96,412.0,28.57702385550492,39.903654756009935,39.19477711537395
40.0,0.2,2.0,49.0,0.98,403.0,29.632499609302005,39.91844719410662,39.210409084814444
40.0,0.2,2.0,50.0,1.0,436.0,28.927500927217046,39.999165694685516,39.27115165723282
40.0,0.2,2.0,51.0,1.02,402.0,28.648361172137115,39.99959053697169,39.26189960393925
40.0,0.2,2.0,52.0,1.04,372.0,28.247806660147376,39.99718320069534,39.3559766424214
40.0,0.2,2.0,53.0,1.06,438.0,27.185041026948525,39.998260150540844,39.25346187610574
40.0,0.2,2.0,54.0,1.08,375.0,26.380393253576795,39.997862586115204,39.33030627933567
40.0,0.2,2.0,55.0,1.1,398.0,37.579542481986714,39.995536547291344,39.31369369959196
40.0,0.2,2.0,56.0,1.12,464.0,37.08185469284821,39.99840520815897,39.26564117523634
40.0,0.2,2.0,57.0,1.1400000000000001,412.0,37.5269741378494,39.9994918344793,39.338937882577255
40.0,0.2,2.0,58.0,1.16,437.0,37.737876281215264,39.996066624698734,39.329679176455784
40.0,0.2,2.0,59.0,1.18,395.0,26.759664797209624,39.999259175504335,39.32656401442604
40.0,0.2,2.0,60.0,1.2,387.0,38.3045744380657,39.99990982181956,39.46814466605377
40.0,0.2,2.0,61.0,1.22,353.0,38.137275227209585,39.995850077897764,39.41416006688062
40.0,0.2,2.0,62.0,1.24,414.0,27.26305947922715,39.989692010170394,39.252835829072204
40.0,0.2,2.0,63.0,1.26,407.0,26.96406076003796,39.99876142327445,39.352877408936884
40.0,0.2,2.0,64.0,1.28,438.0,26.34469455357459,39.997728198480765,39.3387760841445
40.0,0.2,2.0,65.0,1.3,381.0,38.484780932522746,39.99953320826294,39.43226485381941
40.0,0.2,2.0,66.0,1.32,388.0,38.03235904477251,39.999467576599244,39.40466821524582
40.0,0.2,2.0,67.0,1.34,379.0,38.13997252725658,39.99720018537609,39.426025046973855
40.0,0.2,2.0,68.0,1.36,410.0,27.181265316350718,39.99491643735265,39.26897358709795
40.0,0.2,2.0,69.0,1.3800000000000001,428.0,27.755502899343316,39.99944831993104,39.31295044659479
40.0,0.2,2.0,70.0,1.4000000000000001,462.0,27.551222059780123,39.99707603772948,39.268334941660974
40.0,0.2,2.0,71.0,1.42,402.0,26.992818214399325,39.999701478754645,39.306879254924354
40.0,0.2,2.0,72.0,1.44,409.0,27.24555722393148,39.99851524346279,39.39452273628064
40.0,0.2,2.0,73.0,1.46,445.0,26.82354590292895,39.998422952273344,39.240118342352616
40.0,0.2,2.0,74.0,1.48,421.0,26.845379439091424,39.992024184318836,39.333484143210825
40.0,0.2,2.0,75.0,1.5,436.0,26.498324917580966,39.99982565503223,39.322624891639535
40.0,0.2,2.0,76.0,1.52,452.0,26.195546134731927,39.99524113315376,39.139787235142165
40.0,0.2,2.0,77.0,1.54,486.0,26.37700697746299,39.99922508164539,39.22437756241211
40.0,0.2,2.0,78.0,1.56,447.0,26.38613292106498,39.99881397021876,39.306881459128036
40.0,0.2,2.0,79.0,1.58,459.0,26.080245720041578,39.99905905932344,39.30853675257992
40.0,0.2,2.0,80.0,1.6,499.0,25.88493943463195,39.997620144795306,39.16130054533651
40.0,0.2,2.0,81.0,1.62,476.0,25.751190045498117,39.99877788979753,39.214655317402965
40.0,0.2,2.0,82.0,1.6400000000000001,499.0,25.33161211027242,39.9994943292853,39.194813590040184
40.0,0.2,2.0,83.0,1.6600000000000001,517.0,25.826956023151332,39.99899690296948,39.21399997472218
40.0,0.2,2.0,84.0,1.68,545.0,25.244136508411565,39.99876671414492,39.08556361570392
40.0,0.2,2.0,85.0,1.7,541.0,24.72067892106986,39.99956908885431,39.092876905651
40.0,0.2,2.0,86.0,1.72,588.0,24.04048703527075,39.9996473887323,39.16719001839246
40.0,0.2,2.0,87.0,1.74,629.0,24.571022272726665,39.99863198291988,38.94095593149106
40.0,0.2,2.0,88.0,1.76,669.0,23.74660451723554,39.998584636226,39.010452858011405
40.0,0.2,2.0,89.0,1.78,782.0,23.736252738655832,39.988798308777326,39.020762726507506
40.0,0.2,2.0,90.0,1.8,764.0,23.898667555228123,39.89601188964864,38.948332781886954
40.0,0.2,2.0,91.0,1.82,788.0,23.660587855394514,39.92344410875095,38.84059175293864
40.0,0.2,2.0,92.0,1.84,927.0,23.70580567127351,39.89910747878133,38.80581656166687
40.0,0.2,2.0,93.0,1.86,871.0,23.462233920630858,39.773400037644606,38.49163631283203
40.0,0.2,2.0,94.0,1.8800000000000001,1144.0,23.257411458092395,39.76498688628799,38.51874320782584
40.0,0.2,2.0,95.0,1.9000000000000001,1279.0,22.47509124340919,39.686988075262406,38.455603645671886
40.0,0.2,2.0,96.0,1.92,1736.0,22.3294723988483,39.599399301299,38.20855917199453
40.0,0.2,2.0,97.0,1.94,2800.0,21.811002670125717,39.39867863404168,37.739927355889165
40.0,0.2,2.0,98.0,1.96,6834.0,21.902242743159498,38.83348036203817,36.75895871137152
40.0,0.2,2.0,99.0,1.98,27631.0,12.79944766363587,36.945719090035674,31.59598850817289
40.0,0.4,1.0,1.0,0.02,1922.0,35.28152858796814,39.99973001873628,39.003044825829406
40.0,0.4,1.0,2.0,0.04,1448.0,33.474430178770966,39.86032555738038,38.727008361033725
40.0,0.4,1.0,3.0,0.06,1279.0,34.59695728382306,39.815289998054546,38.59892033342538
40.0,0.4,1.0,4.0,0.08,1083.0,35.327401578211536,39.83669515621379,38.601576192356625
40.0,0.4,1.0,5.0,0.1,915.0,29.05738023781592,39.72022967557939,38.37295495299711
40.0,0.4,1.0,6.0,0.12,970.0,27.957967653298862,39.79427498294553,38.22228953740771
40.0,0.4,1.0,7.0,0.14,1425.0,26.084788964238136,39.79829273879049,37.52587157581208
40.0,0.4,1.0,8.0,0.16,651.0,38.433926756348725,39.99973991084354,39.297425329335184
40.0,0.4,1.0,9.0,0.18,882.0,22.708214654754112,39.99817990500564,38.810508289016596
40.0,0.4,1.0,10.0,0.2,810.0,37.244947006763304,39.99806784767727,38.89750400277156
40.0,0.4,1.0,11.0,0.22,777.0,37.55594096858342,39.999365232023415,38.98502387730068
40.0,0.4,1.0,12.0,0.24,664.0,37.760712908893765,39.999905030114974,39.09710246001083
40.0,0.4,1.0,13.0,0.26,1120.0,23.061044224015525,39.99983914417669,38.32708884381111
40.0,0.4,1.0,14.0,0.28,444.0,38.68614732978047,39.99729786893566,39.42377855531867
40.0,0.4,1.0,15.0,0.3,736.0,23.085538005344493,39.99813272439975,38.99211826417024
40.0,0.4,1.0,16.0,0.32,744.0,37.24345738998696,39.999469585307466,38.896612122627474
40.0,0.4,1.0,17.0,0.34,873.0,22.435956627521275,39.998650842666336,38.57323963300781
40.0,0.4,1.0,18.0,0.36,704.0,19.61727181650811,39.99856330512373,38.97036045115424
40.0,0.4,1.0,19.0,0.38,567.0,38.180300737832795,39.99609404513661,39.18790648740458
40.0,0.4,1.0,20.0,0.4,527.0,21.343731175101397,39.99912082438685,39.15646732379875
40.0,0.4,1.0,21.0,0.42,751.0,22.82141770009101,39.99756386295618,38.776953420413854
40.0,0.4,1.0,22.0,0.44,699.0,22.124811824050315,39.99864974116567,38.74210664293955
40.0,0.4,1.0,23.0,0.46,686.0,20.652594359491925,39.99548496985093,38.94051345929513
40.0,0.4,1.0,24.0,0.48,604.0,21.479374997384475,39.999190967469985,38.964132398131085
40.0,0.4,1.0,25.0,0.5,676.0,20.89811235820718,39.999270526824546,39.03549529765108
40.0,0.4,1.0,26.0,0.52,636.0,20.72123478530854,39.99989761172992,38.82717762103905
40.0,0.4,1.0,27.0,0.54,819.0,21.201297111823013,39.99860134193688,38.68933290734755
40.0,0.4,1.0,28.0,0.56,511.0,19.46737904616927,39.99879057056587,39.106492882116136
40.0,0.4,1.0,29.0,0.58,671.0,21.322632198210414,39.99936077997896,38.89197230292678
40.0,0.4,1.0,30.0,0.6,680.0,20.55599473578625,39.996660699534345,38.80748679041227
40.0,0.4,1.0,31.0,0.62,701.0,20.039310227012447,39.99471272725633,38.856254884971825
40.0,0.4,1.0,32.0,0.64,688.0,20.31685059700642,39.99784942897471,38.831859992743524
40.0,0.4,1.0,33.0,0.66,664.0,20.635353196830923,39.99803168925165,38.5999461160155
40.0,0.4,1.0,34.0,0.68,745.0,20.62218192643812,39.99652585967607,38.443508441594346
40.0,0.4,1.0,35.0,0.7000000000000001,776.0,19.733897602019027,39.99972039653852,38.43547142709253
40.0,0.4,1.0,36.0,0.72,746.0,18.918696004814176,39.999425754804335,38.411471314448214
40.0,0.4,1.0,37.0,0.74,881.0,19.83059252056057,39.99902678979688,38.41635262768201
40.0,0.4,1.0,38.0,0.76,887.0,20.12503522996809,39.99811251836172,38.05249526614937
40.0,0.4,1.0,39.0,0.78,910.0,19.441655888303835,39.998280574194816,37.978127570232985
40.0,0.4,1.0,40.0,0.8,973.0,19.331650932236087,39.9969202002824,37.75890097151185
40.0,0.4,1.0,41.0,0.8200000000000001,1127.0,18.20516321374275,39.99978350912465,37.6082331136571
40.0,0.4,1.0,42.0,0.84,1294.0,18.611820811767664,39.999668688686334,37.184575461412116
40.0,0.4,1.0,43.0,0.86,1624.0,17.546506625820438,39.99775671176145,37.344802626568466
40.0,0.4,1.0,44.0,0.88,1810.0,17.611427783894733,39.74142418228944,36.90759631394885
40.0,0.4,1.0,45.0,0.9,2003.0,17.34830480093979,39.44598183925426,36.21273797796663
40.0,0.4,1.0,46.0,0.92,2698.0,16.842667827455916,39.24214936712402,35.39620514960337
40.0,0.4,1.0,47.0,0.9400000000000001,4394.0,14.618570727681684,38.9080974818777,34.90191800068282
40.0,0.4,1.0,48.0,0.96,10532.0,14.855962289406966,37.8785843222465,33.85896967037721
40.0,0.4,1.0,49.0,0.98,33251.0,6.184228208000642,34.40299434646449,27.656163235787744
40.0,0.4,2.0,1.0,0.02,1243.0,35.28152858796814,39.97957873132195,38.99394779567916
40.0,0.4,2.0,2.0,0.04,933.0,34.022710304418936,39.92626635405591,38.77357645472329
40.0,0.4,2.0,3.0,0.06,856.0,34.213911343966146,39.976160089391456,38.80218217186207
40.0,0.4,2.0,4.0,0.08,713.0,35.14862350433638,39.98144834354537,38.80971223467128
40.0,0.4,2.0,5.0,0.1,635.0,34.36199591760862,39.96464418205846,38.7968936673392
40.0,0.4,2.0,6.0,0.12,604.0,34.83475249612514,39.94605699805578,38.78388088818469
40.0,0.4,2.0,7.0,0.14,594.0,33.9783702498887,39.9945406618441,38.735926320145104
40.0,0.4,2.0,8.0,0.16,537.0,33.71857949122572,39.916886893008446,38.695433491604454
40.0,0.4,2.0,9.0,0.18,487.0,34.223872498959416,39.92765202501196,38.75691585305706
40.0,0.4,2.0,10.0,0.2,491.0,33.65629453230419,39.955315415668025,38.70509402423524
40.0,0.4,2.0,11.0,0.22,509.0,34.40709588108423,39.99816871119252,38.81374680456718
40.0,0.4,2.0,12.0,0.24,469.0,34.20373875197801,39.96503651767567,38.75234518983186
40.0,0.4,2.0,13.0,0.26,448.0,34.60867133162913,39.937042383959906,38.691666210078374
40.0,0.4,2.0,14.0,0.28,431.0,34.64112885343795,39.92514824240771,38.74049190894664
40.0,0.4,2.0,15.0,0.3,415.0,33.75585408597992,39.95360600946785,38.75025194197388
40.0,0.4,2.0,16.0,0.32,425.0,34.07993746382769,39.92325548132856,38.62335160330977
40.0,0.4,2.0,17.0,0.34,423.0,33.651130355658104,39.9267308466929,38.64669824714128
40.0,0.4,2.0,18.0,0.36,389.0,33.87886565029206,39.97187685541079,38.68042191921433
40.0,0.4,2.0,19.0,0.38,373.0,34.099425041329056,39.996879434125255,38.73131590850148
40.0,0.4,2.0,20.0,0.4,388.0,34.14324717224979,39.97370711735134,38.82124261777639
40.0,0.4,2.0,21.0,0.42,354.0,34.43329455688621,39.98331056472378,38.72440464875235
40.0,0.4,2.0,22.0,0.44,362.0,35.47029397419316,39.94046192713005,38.64813302667472
40.0,0.4,2.0,23.0,0.46,350.0,34.98682434218694,39.948037891371364,38.710367511939374
40.0,0.4,2.0,24.0,0.48,342.0,34.30853675445394,39.955967010742796,38.786841898750865
40.0,0.4,2.0,25.0,0.5,364.0,33.2904972803943,39.996408868773315,38.72841999125208
40.0,0.4,2.0,26.0,0.52,317.0,35.30974864249813,39.906164479759894,38.666600130727396
40.0,0.4,2.0,27.0,0.54,369.0,34.95843179376105,39.95040485619932,38.69633218681291
40.0,0.4,2.0,28.0,0.56,364.0,34.6204912211767,39.93907698513156,38.70546782137602
40.0,0.4,2.0,29.0,0.58,323.0,34.026489778940984,39.83714082221524,38.56980954742621
40.0,0.4,2.0,30.0,0.6,317.0,33.48680659613214,39.93483666175238,38.59768011607887
40.0,0.4,2.0,31.0,0.62,346.0,34.004884999919625,39.925208432992875,38.534179749263615
40.0,0.4,2.0,32.0,0.64,334.0,35.298785433060864,39.87690515316728,38.65755663805083
40.0,0.4,2.0,33.0,0.66,337.0,35.27555654942964,39.98871364406745,38.777822741754704
40.0,0.4,2.0,34.0,0.68,260.0,35.19821584577584,39.89450868892146,38.609465962926386
40.0,0.4,2.0,35.0,0.7000000000000001,329.0,34.339414555604044,39.994517939579495,38.84108359238361
40.0,0.4,2.0,36.0,0.72,304.0,34.06661582562782,39.92022482897203,38.63410014648919
40.0,0.4,2.0,37.0,0.74,356.0,34.68159369463239,39.964833241638374,38.69347995870797
40.0,0.4,2.0,38.0,0.76,322.0,34.76558986871304,39.958779303136495,38.66816705617832
40.0,0.4,2.0,39.0,0.78,314.0,33.80203049226821,39.93884136623024,38.75466941392012
40.0,0.4,2.0,40.0,0.8,310.0,35.23963855432782,39.989021973412505,38.77261837858857
40.0,0.4,2.0,41.0,0.8200000000000001,333.0,35.09081053522587,39.988318400534126,38.71430458581344
40.0,0.4,2.0,42.0,0.84,289.0,35.12946942050958,39.99732590611949,38.807936565745734
40.0,0.4,2.0,43.0,0.86,319.0,34.39088758342665,39.9802683065889,38.82147348378107
40.0,0.4,2.0,44.0,0.88,334.0,35.20033101873333,39.99578868972063,38.72081048494474
40.0,0.4,2.0,45.0,0.9,327.0,34.31403196818895,39.996350379949746,38.72208234667816
40.0,0.4,2.0,46.0,0.92,320.0,33.90281229313827,39.996509987385565,38.76618938215347
40.0,0.4,2.0,47.0,0.9400000000000001,307.0,34.09089588238568,39.865524889517076,38.5827054878235
40.0,0.4,2.0,48.0,0.96,302.0,33.407400504359224,39.99896284146658,38.62432707856742
40.0,0.4,2.0,49.0,0.98,322.0,34.454545348193584,39.86118176087857,38.60029032678974
40.0,0.4,2.0,50.0,1.0,336.0,34.33971994454031,39.9976894001124,38.77044619239923
40.0,0.4,2.0,51.0,1.02,355.0,34.04492758542126,39.93270274600099,38.686747230566176
40.0,0.4,2.0,52.0,1.04,296.0,34.857779065196304,39.90378158102634,38.611905698550935
40.0,0.4,2.0,53.0,1.06,335.0,33.744388860745985,39.95854045075553,38.65925989360251
40.0,0.4,2.0,54.0,1.08,313.0,34.31297840363902,39.925170791717264,38.61317020049579
40.0,0.4,2.0,55.0,1.1,338.0,35.11439346114201,39.939096286143176,38.65270334713642
40.0,0.4,2.0,56.0,1.12,331.0,34.29120519989931,39.89841133338569,38.67030765804227
40.0,0.4,2.0,57.0,1.1400000000000001,309.0,34.01712734527944,39.888535958905265,38.635787883729414
40.0,0.4,2.0,58.0,1.16,373.0,33.74609173750318,39.94603605809536,38.67603365350558
40.0,0.4,2.0,59.0,1.18,359.0,34.15954458034764,39.97539715835658,38.71069275466696
40.0,0.4,2.0,60.0,1.2,350.0,34.08635202530395,39.89344679882969,38.52872141011141
40.0,0.4,2.0,61.0,1.22,330.0,34.1287462057188,39.82650446059404,38.54098401188492
40.0,0.4,2.0,62.0,1.24,322.0,33.71913200444141,39.924503027012115,38.59807503564541
40.0,0.4,2.0,63.0,1.26,357.0,33.95960454188795,39.92029013011613,38.59760939915263
40.0,0.4,2.0,64.0,1.28,307.0,35.20654625934235,39.83501065041753,38.66019215549311
40.0,0.4,2.0,65.0,1.3,335.0,34.536960754956205,39.86528434375695,38.64363636949794
40.0,0.4,2.0,66.0,1.32,378.0,33.923929771424,39.99435680048831,38.487041715276725
40.0,0.4,2.0,67.0,1.34,319.0,33.84357819540343,39.80821443388778,38.43138408895214
40.0,0.4,2.0,68.0,1.36,359.0,33.46247581963796,39.88761341585181,38.59207672088303
40.0,0.4,2.0,69.0,1.3800000000000001,332.0,34.2704633773624,39.82792226789868,38.56377082145591
40.0,0.4,2.0,70.0,1.4000000000000001,354.0,32.53430641373605,39.970453949368576,38.634848028266305
40.0,0.4,2.0,71.0,1.42,359.0,33.85764119495559,39.89969040739108,38.646355889300814
40.0,0.4,2.0,72.0,1.44,364.0,34.18371462766313,39.873435355320716,38.57872307791145
40.0,0.4,2.0,73.0,1.46,414.0,32.7677519470791,39.915521669601,38.593844582385834
40.0,0.4,2.0,74.0,1.48,393.0,34.55428400345372,39.80127753979792,38.65947768828535
40.0,0.4,2.0,75.0,1.5,379.0,34.42538359876396,39.90672812355983,38.636758658322066
40.0,0.4,2.0,76.0,1.52,391.0,34.98400075627616,39.86080862431458,38.712740683458506
40.0,0.4,2.0,77.0,1.54,407.0,34.05444527438189,39.859373334103324,38.61473441499628
40.0,0.4,2.0,78.0,1.56,438.0,33.43868162418899,39.78162323327573,38.526277107439014
40.0,0.4,2.0,79.0,1.58,415.0,34.24201402383234,39.852417770247975,38.58504345256907
40.0,0.4,2.0,80.0,1.6,430.0,34.50784546115747,39.9122000714102,38.650051445866154
40.0,0.4,2.0,81.0,1.62,477.0,34.585264981079,39.93437296392897,38.5458451459661
40.0,0.4,2.0,82.0,1.6400000000000001,451.0,31.93232690763871,39.83049413957305,38.619518611523375
40.0,0.4,2.0,83.0,1.6600000000000001,481.0,33.76841089753226,39.73544981037864,38.46447880614182
40.0,0.4,2.0,84.0,1.68,501.0,33.72158201559031,39.769795599857694,38.43661087470533
40.0,0.4,2.0,85.0,1.7,503.0,34.32815255412055,39.76858927047531,38.53802739333673
40.0,0.4,2.0,86.0,1.72,570.0,34.419800577926644,39.94015245948079,38.6071100768916
40.0,0.4,2.0,87.0,1.74,587.0,34.2475197723425,39.75865027210026,38.54239466168681
40.0,0.4,2.0,88.0,1.76,612.0,33.65535793477178,39.649806891559095,38.3535571783995
40.0,0.4,2.0,89.0,1.78,657.0,33.073921522691826,39.62739133767262,38.24166088669792
40.0,0.4,2.0,90.0,1.8,674.0,33.39929336274112,39.60331872777179,38.23598974254685
40.0,0.4,2.0,91.0,1.82,781.0,33.36458483166399,39.56833415491435,38.203695461406106
40.0,0.4,2.0,92.0,1.84,827.0,33.46031326643446,39.485149554344005,38.15891827014616
40.0,0.4,2.0,93.0,1.86,991.0,33.09622222065347,39.443247214437065,38.09303526579159
40.0,0.4,2.0,94.0,1.8800000000000001,1174.0,33.482581937559736,39.30962116481776,37.93612333336694
40.0,0.4,2.0,95.0,1.9000000000000001,1487.0,31.643421773638497,39.097214855890755,37.73478847715883
40.0,0.4,2.0,96.0,1.92,1833.0,32.81119671782902,38.7447672983061,37.32221526435075
40.0,0.4,2.0,97.0,1.94,3300.0,30.58670946304726,38.17251948769268,36.51626424724777
40.0,0.4,2.0,98.0,1.96,7422.0,27.177422997959408,36.74025259946119,34.37185041456806
40.0,0.4,2.0,99.0,1.98,39349.0,3.3599449278441957,32.94493860207953,23.144581527829896
42.0,0.2,1.0,1.0,0.02,295.0,38.62769593870448,39.99971438572696,39.70605995585254
42.0,0.2,1.0,2.0,0.04,520.0,37.852393847991074,39.9729550888853,39.5676398030447
42.0,0.2,1.0,3.0,0.06,665.0,37.439127414216884,39.96506616245995,39.45679849637444
42.0,0.2,1.0,4.0,0.08,762.0,37.355363798835285,39.97889943511729,39.454302547656404
42.0,0.2,1.0,5.0,0.1,767.0,36.67399539383907,39.99985484925825,39.43971362042826
42.0,0.2,1.0,6.0,0.12,799.0,37.04835124296625,39.97940892553987,39.43276249902036
42.0,0.2,1.0,7.0,0.14,757.0,37.15029640145618,39.978099244898864,39.42063058879894
42.0,0.2,1.0,8.0,0.16,806.0,36.63016524257569,39.998240655438764,39.41085666247413
42.0,0.2,1.0,9.0,0.18,743.0,37.24591328612865,39.966267042954236,39.39811528296346
42.0,0.2,1.0,10.0,0.2,778.0,36.89787193952752,39.97022179876755,39.37087744917383
42.0,0.2,1.0,11.0,0.22,737.0,37.430846411050794,39.96452356588544,39.37266585373796
42.0,0.2,1.0,12.0,0.24,698.0,36.54099597486973,39.977366892793135,39.38764783182746
42.0,0.2,1.0,13.0,0.26,649.0,36.673462533629504,39.95824952348757,39.33884588453172
42.0,0.2,1.0,14.0,0.28,702.0,37.10073817879855,39.98524624580762,39.358574135858746
42.0,0.2,1.0,15.0,0.3,713.0,37.52356080186056,39.968045700688904,39.37262625197233
42.0,0.2,1.0,16.0,0.32,645.0,36.70725029931276,39.913842698126096,39.32002457240143
42.0,0.2,1.0,17.0,0.34,690.0,37.535057164655385,39.963009209387295,39.38461828897564
42.0,0.2,1.0,18.0,0.36,688.0,36.61167644768632,39.960343328688666,39.337297300923574
42.0,0.2,1.0,19.0,0.38,657.0,35.92760969983095,39.977829586437366,39.37098832228852
42.0,0.2,1.0,20.0,0.4,685.0,36.68908517382081,39.97743735583048,39.36684875092772
42.0,0.2,1.0,21.0,0.42,648.0,36.70594589775858,39.938899654199375,39.333107542157826
42.0,0.2,1.0,22.0,0.44,673.0,37.20227695203205,39.96303459912222,39.39879675516881
42.0,0.2,1.0,23.0,0.46,667.0,37.11139918170372,39.95191577697321,39.31489020750506
42.0,0.2,1.0,24.0,0.48,668.0,37.05650400684599,39.93486657289893,39.362452747777645
42.0,0.2,1.0,25.0,0.5,733.0,36.7256053877833,39.988896574418995,39.33925421207934
42.0,0.2,1.0,26.0,0.52,640.0,37.11555948414375,39.911211380009725,39.28254401725642
42.0,0.2,1.0,27.0,0.54,724.0,36.877154107192844,39.997007500505575,39.357629487193144
42.0,0.2,1.0,28.0,0.56,758.0,36.979979938028094,39.98929543577827,39.35226368785366
42.0,0.2,1.0,29.0,0.58,801.0,36.25145990388454,39.978632401375854,39.315641025151734
42.0,0.2,1.0,30.0,0.6,695.0,35.99765328492944,39.90797742936072,39.2707334435385
42.0,0.2,1.0,31.0,0.62,725.0,36.662486766500855,39.95630630685687,39.29340854197561
42.0,0.2,1.0,32.0,0.64,742.0,36.612593822103854,39.92865401898832,39.30160314967186
42.0,0.2,1.0,33.0,0.66,760.0,36.23790438633166,39.95525865441282,39.32968600956924
42.0,0.2,1.0,34.0,0.68,778.0,36.551133173813,39.91974992702145,39.26490122191452
42.0,0.2,1.0,35.0,0.7000000000000001,741.0,36.60798832472672,39.91950157354046,39.2538739182293
42.0,0.2,1.0,36.0,0.72,764.0,36.55661236097778,39.915165785607904,39.2600640945273
42.0,0.2,1.0,37.0,0.74,839.0,36.42817525619834,39.91663222312477,39.25570821764442
42.0,0.2,1.0,38.0,0.76,832.0,35.46239744530982,39.881653402815175,39.270150583440746
42.0,0.2,1.0,39.0,0.78,885.0,36.586125658978965,39.898903447469394,39.283660954731225
42.0,0.2,1.0,40.0,0.8,992.0,35.8006516143192,39.89145449382612,39.272164747960375
42.0,0.2,1.0,41.0,0.8200000000000001,979.0,36.83959102941064,39.83627221919851,39.2267015732119
42.0,0.2,1.0,42.0,0.84,1059.0,36.232839974415135,39.82970182754374,39.14905406693131
42.0,0.2,1.0,43.0,0.86,1176.0,35.73202518478951,39.77815845620166,39.12815690615546
42.0,0.2,1.0,44.0,0.88,1435.0,36.941722068175444,39.76613162642816,39.130533957261726
42.0,0.2,1.0,45.0,0.9,1567.0,35.721608183862585,39.70509241191729,39.0632471377828
42.0,0.2,1.0,46.0,0.92,2109.0,36.03452848064546,39.60601176058726,38.90147537446651
42.0,0.2,1.0,47.0,0.9400000000000001,3023.0,35.41710565754214,39.39149686390882,38.61927839981954
42.0,0.2,1.0,48.0,0.96,6172.0,34.2850215410785,38.926380437971055,37.90141403734324
42.0,0.2,1.0,49.0,0.98,21957.0,17.343728963250538,37.46677664389658,33.61592662232461
42.0,0.2,2.0,1.0,0.02,229.0,38.62769593870448,39.998024971609844,39.704764418940165
42.0,0.2,2.0,2.0,0.04,407.0,37.934650434211775,39.99269505756482,39.569828785329435
42.0,0.2,2.0,3.0,0.06,454.0,37.56410894894571,39.983825581333825,39.50433229744345
42.0,0.2,2.0,4.0,0.08,571.0,37.52837874996056,39.99971945083365,39.47176159393331
42.0,0.2,2.0,5.0,0.1,567.0,37.0807879867096,39.99281102093394,39.45930113430708
42.0,0.2,2.0,6.0,0.12,563.0,37.04835124296625,39.982608349008395,39.39541835000498
42.0,0.2,2.0,7.0,0.14,570.0,37.439749722485956,39.98405500749986,39.44737125376159
42.0,0.2,2.0,8.0,0.16,550.0,37.073610291826334,39.999084643935056,39.40308304825097
42.0,0.2,2.0,9.0,0.18,546.0,36.993467860090725,39.98589413449557,39.42558696859534
42.0,0.2,2.0,10.0,0.2,563.0,37.016927107849135,39.986117537881746,39.40060296644426
42.0,0.2,2.0,11.0,0.22,553.0,37.430846411050794,39.99833640369392,39.412489609812944
42.0,0.2,2.0,12.0,0.24,511.0,37.47015447935213,39.99745352183048,39.41344323736193
42.0,0.2,2.0,13.0,0.26,478.0,36.86125614184917,39.95312246581649,39.29742837925906
42.0,0.2,2.0,14.0,0.28,501.0,37.56949232598016,39.9994365144264,39.39224503196812
42.0,0.2,2.0,15.0,0.3,544.0,36.63894502344208,39.994084486203775,39.36757904368536
42.0,0.2,2.0,16.0,0.32,475.0,36.70725029931276,39.99926457187672,39.362959083116365
42.0,0.2,2.0,17.0,0.34,474.0,37.64482547054414,39.998364891015854,39.418664588473504
42.0,0.2,2.0,18.0,0.36,495.0,36.993617943220166,39.99866602953535,39.37726799078675
42.0,0.2,2.0,19.0,0.38,500.0,36.86025042799609,39.99728357036877,39.378640057375
42.0,0.2,2.0,20.0,0.4,477.0,36.68908517382081,39.927997062829824,39.349177066296676
42.0,0.2,2.0,21.0,0.42,395.0,36.70594589775858,39.889025066894426,39.28827038102144
42.0,0.2,2.0,22.0,0.44,406.0,36.940777982239716,39.87606113560617,39.24592956854143
42.0,0.2,2.0,23.0,0.46,390.0,37.59814468083276,39.90055310140288,39.35796082577305
42.0,0.2,2.0,24.0,0.48,462.0,37.05650400684599,39.98723519598562,39.34114497427424
42.0,0.2,2.0,25.0,0.5,446.0,37.31190703170365,39.966930300404215,39.31141247152293
42.0,0.2,2.0,26.0,0.52,391.0,36.249799277712455,39.8868019222528,39.2507100071782
42.0,0.2,2.0,27.0,0.54,396.0,37.40424615720149,39.88661706959328,39.26521833527667
42.0,0.2,2.0,28.0,0.56,435.0,36.68817501018254,39.92262387679932,39.33475874884043
42.0,0.2,2.0,29.0,0.58,415.0,36.36121032282192,39.898978038634525,39.22346553018318
42.0,0.2,2.0,30.0,0.6,381.0,37.42749752425429,39.86379060908711,39.260371222773934
42.0,0.2,2.0,31.0,0.62,373.0,36.662486766500855,39.84919045260789,39.188120341501055
42.0,0.2,2.0,32.0,0.64,357.0,37.10013752314458,39.863297675840194,39.249761371868104
42.0,0.2,2.0,33.0,0.66,322.0,31.312281131611016,39.825931612579325,39.249547045298115
42.0,0.2,2.0,34.0,0.68,373.0,30.218450290960135,39.88117817880541,39.21021560512409
42.0,0.2,2.0,35.0,0.7000000000000001,358.0,37.18758892673075,39.93343918890532,39.2988081932011
42.0,0.2,2.0,36.0,0.72,326.0,35.05354281373901,39.89116676193965,39.26590732940709
42.0,0.2,2.0,37.0,0.74,383.0,34.82726710034101,39.9836476696849,39.32112858946265
42.0,0.2,2.0,38.0,0.76,388.0,35.61054919476226,39.91755132808989,39.32881748617896
42.0,0.2,2.0,39.0,0.78,314.0,34.8108641899625,39.9011797088669,39.2760623346972
42.0,0.2,2.0,40.0,0.8,347.0,35.424416257132606,39.90482412986384,39.25604739137745
42.0,0.2,2.0,41.0,0.8200000000000001,327.0,34.51255275021625,39.89928157982997,39.17339293959
42.0,0.2,2.0,42.0,0.84,404.0,35.100990327704224,39.999183639608546,39.19908299574685
42.0,0.2,2.0,43.0,0.86,397.0,29.168472694227066,39.99729324326788,39.25383313367414
42.0,0.2,2.0,44.0,0.88,366.0,38.00463062040751,39.99897858623854,39.4497028034987
42.0,0.2,2.0,45.0,0.9,377.0,37.57076710414058,39.99266856290267,39.356398386923715
42.0,0.2,2.0,46.0,0.92,387.0,37.79342896571109,39.99617788033909,39.34742462226021
42.0,0.2,2.0,47.0,0.9400000000000001,355.0,37.942609100927875,39.99761280556628,39.360314171279086
42.0,0.2,2.0,48.0,0.96,354.0,37.8733568156499,39.99876528937093,39.382813955426606
42.0,0.2,2.0,49.0,0.98,373.0,28.84348759253366,39.999686379760035,39.41308553387546
42.0,0.2,2.0,50.0,1.0,383.0,29.863228549990975,39.99791775483264,39.30574601288068
42.0,0.2,2.0,51.0,1.02,359.0,30.856885847726854,39.99449886077689,39.34841950422094
42.0,0.2,2.0,52.0,1.04,374.0,29.702018400689912,39.99449955071971,39.28279561869432
42.0,0.2,2.0,53.0,1.06,386.0,29.72245655783407,39.99634292888567,39.338895536836326
42.0,0.2,2.0,54.0,1.08,365.0,37.512051044104766,39.973015828024735,39.36908038425824
42.0,0.2,2.0,55.0,1.1,356.0,29.696384719523763,39.947022099701435,39.215810697947056
42.0,0.2,2.0,56.0,1.12,348.0,28.33345135861295,39.99917349448385,39.382574034585055
42.0,0.2,2.0,57.0,1.1400000000000001,371.0,37.329586714991244,39.999452286783466,39.295143463363566
42.0,0.2,2.0,58.0,1.16,381.0,28.06903319646166,39.99980981611233,39.33681230415181
42.0,0.2,2.0,59.0,1.18,336.0,38.46250046433821,39.999641572523856,39.49558843633207
42.0,0.2,2.0,60.0,1.2,356.0,27.431801396864614,39.99271099172097,39.30781160718226
42.0,0.2,2.0,61.0,1.22,353.0,25.988725749757915,39.99582100730832,39.34671561027246
42.0,0.2,2.0,62.0,1.24,350.0,26.50857999531461,39.99473443750241,39.366900696291026
42.0,0.2,2.0,63.0,1.26,369.0,27.404858131142888,39.99979401856437,39.329966020940226
42.0,0.2,2.0,64.0,1.28,385.0,26.624647559573837,39.99752456124179,39.280110727288644
42.0,0.2,2.0,65.0,1.3,379.0,37.39196688918067,39.99931130915488,39.317048692752294
42.0,0.2,2.0,66.0,1.32,345.0,24.909871593009157,39.99650239191877,39.34069247905138
42.0,0.2,2.0,67.0,1.34,387.0,27.584045265139057,39.998914259651045,39.31342347664826
42.0,0.2,2.0,68.0,1.36,371.0,26.99320123817751,39.99912182754333,39.32484352544784
42.0,0.2,2.0,69.0,1.3800000000000001,366.0,27.272909141695965,39.9981094307694,39.33207704876074
42.0,0.2,2.0,70.0,1.4000000000000001,401.0,38.18264838077994,39.9976676743369,39.418464657513944
42.0,0.2,2.0,71.0,1.42,389.0,26.942461808529604,39.99939051976226,39.36924694979362
42.0,0.2,2.0,72.0,1.44,393.0,37.643904147233776,39.99786521303463,39.36982395463334
42.0,0.2,2.0,73.0,1.46,368.0,26.934484334475332,39.998308873835526,39.246218630296745
42.0,0.2,2.0,74.0,1.48,390.0,28.00373787197268,39.99539606950884,39.29220551320747
42.0,0.2,2.0,75.0,1.5,420.0,27.61322339071171,39.999174137874455,39.30032271186439
42.0,0.2,2.0,76.0,1.52,415.0,26.906450088329507,39.999830182685095,39.33284213637678
42.0,0.2,2.0,77.0,1.54,422.0,27.077183806379463,39.999062606539134,39.267977786059745
42.0,0.2,2.0,78.0,1.56,475.0,26.05103868267154,39.99908971184483,39.31806718713558
42.0,0.2,2.0,79.0,1.58,418.0,25.53656459168634,39.99963669552952,39.270354217135264
42.0,0.2,2.0,80.0,1.6,410.0,25.827019465317758,39.998753385943864,39.359408385586505
42.0,0.2,2.0,81.0,1.62,472.0,25.50976204341609,39.996624927971965,39.300889125619435
42.0,0.2,2.0,82.0,1.6400000000000001,483.0,26.083358855115932,39.99541968301547,39.184462854754585
42.0,0.2,2.0,83.0,1.6600000000000001,436.0,25.555741644008425,39.996300022748436,39.28133080578759
42.0,0.2,2.0,84.0,1.68,530.0,26.073072829071705,39.995986178102704,39.13354876198576
42.0,0.2,2.0,85.0,1.7,525.0,25.715930525464664,39.99983824580053,39.131922759683896
42.0,0.2,2.0,86.0,1.72,523.0,25.572141408479546,39.999135549394246,39.227335537299986
42.0,0.2,2.0,87.0,1.74,599.0,24.75100655743072,39.997244541673965,39.0207610842445
42.0,0.2,2.0,88.0,1.76,661.0,24.933934743097318,39.99880388610533,39.03861681987095
42.0,0.2,2.0,89.0,1.78,699.0,24.89407729157345,39.99988377533348,39.07101881164646
42.0,0.2,2.0,90.0,1.8,682.0,24.71471871417266,39.87208836056788,38.92802963905422
42.0,0.2,2.0,91.0,1.82,690.0,24.12334609482915,39.90158899664661,38.94124752670016
42.0,0.2,2.0,92.0,1.84,806.0,23.81880288862738,39.853162636410545,38.940967297971035
42.0,0.2,2.0,93.0,1.86,847.0,23.482976946355123,39.82879635613827,38.926375146265755
42.0,0.2,2.0,94.0,1.8800000000000001,967.0,23.793567246171367,39.77282604197639,38.57664737651256
42.0,0.2,2.0,95.0,1.9000000000000001,1202.0,23.56754234276232,39.70137413128776,38.44179673792468
42.0,0.2,2.0,96.0,1.92,1432.0,22.65038821719179,39.61431241489413,38.35195491794467
42.0,0.2,2.0,97.0,1.94,2365.0,22.901552803632004,39.443189163015504,37.95242044956589
42.0,0.2,2.0,98.0,1.96,5857.0,21.95239646785491,38.989632859033314,36.962838393022686
42.0,0.2,2.0,99.0,1.98,23070.0,13.439420046817663,37.222362903765486,32.11670397478468
42.0,0.4,1.0,1.0,0.02,894.0,35.455182808458495,39.95919094035413,39.17894030927229
42.0,0.4,1.0,2.0,0.04,942.0,34.27634153785525,39.90669629843643,38.99279319526044
42.0,0.4,1.0,3.0,0.06,909.0,34.82658152787353,39.94898585309183,38.911016673493265
42.0,0.4,1.0,4.0,0.08,921.0,34.81396641036746,39.99963959027914,38.916290571518275
42.0,0.4,1.0,5.0,0.1,905.0,33.56920965473708,39.97023871751079,38.8310722886525
42.0,0.4,1.0,6.0,0.12,732.0,34.52672622515782,39.85184311163927,38.74758951207791
42.0,0.4,1.0,7.0,0.14,843.0,33.671868209881445,39.94956592341302,38.81968935863308
42.0,0.4,1.0,8.0,0.16,826.0,34.693438654811985,39.999599545281164,38.8028101797243
42.0,0.4,1.0,9.0,0.18,743.0,34.61815298742698,39.981097569492405,38.75958472806251
42.0,0.4,1.0,10.0,0.2,831.0,29.461023858566893,39.800311499952834,37.99183318371829
42.0,0.4,1.0,11.0,0.22,725.0,30.09405811518391,39.81680071597824,38.30523098632923
42.0,0.4,1.0,12.0,0.24,911.0,28.9942571219418,39.998805074702176,38.276009373103044
42.0,0.4,1.0,13.0,0.26,808.0,27.29823560641277,39.5468651265557,37.6403755363439
42.0,0.4,1.0,14.0,0.28,748.0,26.887667828774525,39.54299021322186,37.80716860067166
42.0,0.4,1.0,15.0,0.3,712.0,24.239814905611716,39.998752905117435,38.251353721184266
42.0,0.4,1.0,16.0,0.32,560.0,24.9769524787789,39.99958475344005,38.69830063187664
42.0,0.4,1.0,17.0,0.34,681.0,24.396473637676348,39.9959126965933,38.95482589177813
42.0,0.4,1.0,18.0,0.36,711.0,22.621601736442837,39.99857475998751,38.48156464007149
42.0,0.4,1.0,19.0,0.38,979.0,21.18734218480257,39.99894466361025,38.51124023590101
42.0,0.4,1.0,20.0,0.4,674.0,22.410917733856465,39.56166753931537,38.47128548904487
42.0,0.4,1.0,21.0,0.42,450.0,22.628209059768512,39.99984299363486,39.2749061543495
42.0,0.4,1.0,22.0,0.44,715.0,23.23105241525283,39.99132779755253,38.858321638202284
42.0,0.4,1.0,23.0,0.46,556.0,21.685224077466522,39.99692684755802,38.87726922866749
42.0,0.4,1.0,24.0,0.48,612.0,22.553343747253702,39.997953539540816,39.05949654317409
42.0,0.4,1.0,25.0,0.5,568.0,21.461505909975692,39.999941109989905,39.15455521083693
42.0,0.4,1.0,26.0,0.52,706.0,21.757296524573967,39.99706978556917,38.88197963106183
42.0,0.4,1.0,27.0,0.54,572.0,22.29565141731176,39.99943046362383,38.92089554285152
42.0,0.4,1.0,28.0,0.56,598.0,21.43911652524304,39.99815933738075,39.05843778470505
42.0,0.4,1.0,29.0,0.58,665.0,20.830632802080178,39.998222515517945,38.74672643206623
42.0,0.4,1.0,30.0,0.6,743.0,21.234682548089552,39.99471467073408,38.683967506018234
42.0,0.4,1.0,31.0,0.62,727.0,21.04127573836307,39.99959354853841,38.730166255025175
42.0,0.4,1.0,32.0,0.64,660.0,20.41786804997128,39.99989280980083,38.680381073161904
42.0,0.4,1.0,33.0,0.66,722.0,20.997627252372286,39.996826567218235,38.67587924662047
42.0,0.4,1.0,34.0,0.68,666.0,20.148417835016353,39.99847549273122,38.79315170343916
42.0,0.4,1.0,35.0,0.7000000000000001,772.0,20.602064765123576,39.9945310627291,38.60210539817938
42.0,0.4,1.0,36.0,0.72,831.0,20.401727701360397,39.9999389678358,38.38664889422615
42.0,0.4,1.0,37.0,0.74,863.0,20.361437024115855,39.999239951713484,38.282721891211054
42.0,0.4,1.0,38.0,0.76,814.0,20.008931457825046,39.99980200202271,38.36411084922555
42.0,0.4,1.0,39.0,0.78,888.0,19.986249241359673,39.99895167883381,38.11179290316102
42.0,0.4,1.0,40.0,0.8,1018.0,19.572381183042847,39.99831167244583,37.96460636980902
42.0,0.4,1.0,41.0,0.8200000000000001,1011.0,19.11542137442989,39.99994144593952,37.91931743689615
42.0,0.4,1.0,42.0,0.84,1207.0,19.431800427602294,39.997826912792625,37.680848421286754
42.0,0.4,1.0,43.0,0.86,1521.0,18.117637491960075,39.996306471780066,37.4732369495207
42.0,0.4,1.0,44.0,0.88,1802.0,17.812487966023696,39.868120798308155,37.026604463054944
42.0,0.4,1.0,45.0,0.9,2025.0,17.961798312556308,39.499844438005944,36.45404680046194
42.0,0.4,1.0,46.0,0.92,2623.0,16.977338270525316,39.261403265022224,35.72553189348795
42.0,0.4,1.0,47.0,0.9400000000000001,4132.0,15.349499264065768,38.89123155143237,35.122495531416995
42.0,0.4,1.0,48.0,0.96,9706.0,15.598760403877314,37.92307807950837,34.12373757550147
42.0,0.4,1.0,49.0,0.98,29541.0,6.493439618400673,34.556028205084296,28.06488940598537
42.0,0.4,2.0,1.0,0.02,560.0,35.455182808458495,39.94750152550112,39.169386185605504
42.0,0.4,2.0,2.0,0.04,705.0,35.547248519183896,39.988378561935136,39.039023321243725
42.0,0.4,2.0,3.0,0.06,654.0,34.87704760702885,39.99907648526409,38.94618900961679
42.0,0.4,2.0,4.0,0.08,624.0,35.183974957769976,39.95179729608657,38.91675178252758
42.0,0.4,2.0,5.0,0.1,509.0,35.12624531687314,39.93607767052425,38.79397187436604
42.0,0.4,2.0,6.0,0.12,523.0,34.8675619197266,39.998233953055816,38.86764687675742
42.0,0.4,2.0,7.0,0.14,511.0,35.51881457170766,39.968567668565086,38.837192114004715
42.0,0.4,2.0,8.0,0.16,495.0,35.404508465787,39.8998513837047,38.69852204554275
42.0,0.4,2.0,9.0,0.18,445.0,35.45057839205306,39.95456155181397,38.79750864691987
42.0,0.4,2.0,10.0,0.2,494.0,34.54049012771421,39.987882978180856,38.82719621183911
42.0,0.4,2.0,11.0,0.22,419.0,35.10301046744213,39.997996556433414,38.775139454020774
42.0,0.4,2.0,12.0,0.24,453.0,34.26295775955882,39.99804462865894,38.77019990925327
42.0,0.4,2.0,13.0,0.26,379.0,35.07157304528436,39.92796487299231,38.692223745494616
42.0,0.4,2.0,14.0,0.28,392.0,34.956965580656835,39.99688582694539,38.76028085882181
42.0,0.4,2.0,15.0,0.3,364.0,33.902071031809704,39.94074691217753,38.62333925202785
42.0,0.4,2.0,16.0,0.32,387.0,34.58246828676107,39.93382360658036,38.682148271980225
42.0,0.4,2.0,17.0,0.34,385.0,35.33368687344101,39.98831293665095,38.84689511267892
42.0,0.4,2.0,18.0,0.36,396.0,33.065049554160886,39.9740689578429,38.74569542440054
42.0,0.4,2.0,19.0,0.38,376.0,33.7938732620191,39.95747825838442,38.711333241065965
42.0,0.4,2.0,20.0,0.4,331.0,34.640017077113946,39.94219441245529,38.62747855547489
42.0,0.4,2.0,21.0,0.42,395.0,32.412011755540824,39.97222844129571,38.78854693982208
42.0,0.4,2.0,22.0,0.44,340.0,29.396679418625826,39.7967489463406,38.55752982571235
42.0,0.4,2.0,23.0,0.46,341.0,32.69909729020342,39.80874813942298,38.545001982823784
42.0,0.4,2.0,24.0,0.48,307.0,27.694149370803537,39.768839370680546,38.446989796363255
42.0,0.4,2.0,25.0,0.5,328.0,25.793804832402564,39.733871924676635,38.28605432999473
42.0,0.4,2.0,26.0,0.52,298.0,26.698122698812863,39.858990510617616,38.475935098646154
42.0,0.4,2.0,27.0,0.54,316.0,26.14586015578915,39.915585231167995,38.47397645805966
42.0,0.4,2.0,28.0,0.56,325.0,24.22171078417447,39.99815933738075,38.70677085530596
42.0,0.4,2.0,29.0,0.58,315.0,24.338777235873355,39.96962542775422,38.526742104716476
42.0,0.4,2.0,30.0,0.6,338.0,23.92626447883736,39.99367780254394,38.70415630127315
42.0,0.4,2.0,31.0,0.62,349.0,34.39617236862518,39.99556891079267,38.59233511911025
42.0,0.4,2.0,32.0,0.64,332.0,34.05195623694718,39.99979360820971,38.62777387454763
42.0,0.4,2.0,33.0,0.66,324.0,34.58137976555623,39.99550191527026,38.7676111947109
42.0,0.4,2.0,34.0,0.68,364.0,34.11455177386896,39.93317902684152,38.56052611789992
42.0,0.4,2.0,35.0,0.7000000000000001,317.0,24.859046936886582,39.87556612428421,38.16150599605158
42.0,0.4,2.0,36.0,0.72,295.0,22.942228635646277,39.87397112688741,38.30507854649239
42.0,0.4,2.0,37.0,0.74,350.0,23.242939241096693,39.997548620104666,38.50566234067868
42.0,0.4,2.0,38.0,0.76,337.0,23.576810448790148,39.99980200202271,38.599395172267776
42.0,0.4,2.0,39.0,0.78,346.0,21.623956263159588,39.99866517719279,38.360108697291324
42.0,0.4,2.0,40.0,0.8,329.0,22.51353574670126,39.99430349742533,38.49721645244257
42.0,0.4,2.0,41.0,0.8200000000000001,274.0,37.654094667598386,39.99088607009349,39.041863040106755
42.0,0.4,2.0,42.0,0.84,292.0,36.42024469477377,39.99473537979888,38.74451173986463
42.0,0.4,2.0,43.0,0.86,294.0,23.151828631658756,39.996306471780066,38.542242682206485
42.0,0.4,2.0,44.0,0.88,328.0,22.835555877180802,39.983818465399324,38.59816430168979
42.0,0.4,2.0,45.0,0.9,335.0,22.53547588175585,39.996687903089324,38.269587119583285
42.0,0.4,2.0,46.0,0.92,285.0,22.20821896107247,39.9987611985972,38.80759438072246
42.0,0.4,2.0,47.0,0.9400000000000001,315.0,22.7779411218661,39.999341767505484,38.363003893427475
42.0,0.4,2.0,48.0,0.96,375.0,22.686832485391857,39.93784448796208,38.0397609479949
42.0,0.4,2.0,49.0,0.98,382.0,21.358290867409664,39.79437956556262,37.93039961732804
42.0,0.4,2.0,50.0,1.0,375.0,21.03839882037722,39.99760702369056,38.38842885103669
42.0,0.4,2.0,51.0,1.02,288.0,19.08150004944085,39.99483779686675,38.829273404698796
42.0,0.4,2.0,52.0,1.04,326.0,37.12773763625161,39.98793275119227,38.86472835947211
42.0,0.4,2.0,53.0,1.06,299.0,37.09982307226307,39.9993694853618,38.867754459072195
42.0,0.4,2.0,54.0,1.08,343.0,21.31761757237968,39.996607645039575,38.84307139871402
42.0,0.4,2.0,55.0,1.1,247.0,37.879544798153205,39.99978386982422,39.143902658807214
42.0,0.4,2.0,56.0,1.12,355.0,20.846460587759747,39.99867522134122,38.32325271715964
42.0,0.4,2.0,57.0,1.1400000000000001,357.0,20.539237201304836,39.99966794978665,38.68444451751185
42.0,0.4,2.0,58.0,1.16,322.0,20.256276461296704,39.99766439408784,38.82711097298284
42.0,0.4,2.0,59.0,1.18,342.0,20.248644176665834,39.99985635726699,38.77241287886863
42.0,0.4,2.0,60.0,1.2,357.0,18.66834428641469,39.998427638437406,38.59158868322571
42.0,0.4,2.0,61.0,1.22,298.0,19.612012814572502,39.99400705673506,38.756456975381234
42.0,0.4,2.0,62.0,1.24,310.0,18.04369445204143,39.99978574019337,38.77211839353573
42.0,0.4,2.0,63.0,1.26,369.0,20.582922157718343,39.97998036521732,38.54655554956598
42.0,0.4,2.0,64.0,1.28,329.0,18.883277673879956,39.99865956915611,38.5223268196269
42.0,0.4,2.0,65.0,1.3,304.0,19.42263741851214,39.9960606877209,38.665041127190754
42.0,0.4,2.0,66.0,1.32,386.0,18.78589842005539,39.9971693182231,38.46615822755648
42.0,0.4,2.0,67.0,1.34,361.0,18.2762886999132,39.9947409646307,38.6250110248523
42.0,0.4,2.0,68.0,1.36,320.0,17.614722937065082,39.99972905009317,38.54051894150326
42.0,0.4,2.0,69.0,1.3800000000000001,372.0,18.40351372644408,39.988939678905666,38.63256369471989
42.0,0.4,2.0,70.0,1.4000000000000001,364.0,18.182071591768644,39.999034697506865,38.64682513514114
42.0,0.4,2.0,71.0,1.42,317.0,19.136687358226965,39.99927750755571,38.86859897134771
42.0,0.4,2.0,72.0,1.44,362.0,17.581332298940822,39.99902692074021,38.68933438672099
42.0,0.4,2.0,73.0,1.46,364.0,18.486539581571986,39.9988998420114,38.72098590930406
42.0,0.4,2.0,74.0,1.48,377.0,18.748075040831303,39.99612135073981,38.59610676400896
42.0,0.4,2.0,75.0,1.5,397.0,18.537534444392588,39.98662203273845,38.29881171018031
42.0,0.4,2.0,76.0,1.52,371.0,18.39539715279245,39.99314662225601,38.47725290569434
42.0,0.4,2.0,77.0,1.54,439.0,18.16468255481287,39.99939200394906,38.45410083929614
42.0,0.4,2.0,78.0,1.56,422.0,18.200468172421132,39.987723290273685,38.22874194383572
42.0,0.4,2.0,79.0,1.58,446.0,17.348681567720377,39.99704652925966,38.177118547651084
42.0,0.4,2.0,80.0,1.6,413.0,17.1780871704562,39.9978859094152,38.21849085300126
42.0,0.4,2.0,81.0,1.62,466.0,16.67991005064657,39.99117296928684,38.09003649754079
42.0,0.4,2.0,82.0,1.6400000000000001,432.0,16.800069851683634,39.99141636729735,37.83582967853353
42.0,0.4,2.0,83.0,1.6600000000000001,534.0,16.547973602547906,39.99844022756757,37.95049809346935
42.0,0.4,2.0,84.0,1.68,483.0,16.718907654062978,39.99781436275935,37.83490874421593
42.0,0.4,2.0,85.0,1.7,528.0,16.666546429654346,39.999352902993735,37.89322862231711
42.0,0.4,2.0,86.0,1.72,514.0,16.435148755252758,39.997766142664474,37.807478354497896
42.0,0.4,2.0,87.0,1.74,542.0,15.871182326761097,39.99997218984247,37.67783252027106
42.0,0.4,2.0,88.0,1.76,633.0,16.20128072029992,39.99383238263236,37.30439301831411
42.0,0.4,2.0,89.0,1.78,704.0,15.654492892183258,39.999681872577,37.298534057100184
42.0,0.4,2.0,90.0,1.8,782.0,15.154409673281267,39.998424621397376,37.19480888947221
42.0,0.4,2.0,91.0,1.82,939.0,14.87954660418833,39.948938323895845,36.97961840375911
42.0,0.4,2.0,92.0,1.84,925.0,14.763856028659728,39.66200862170233,36.54332649149228
42.0,0.4,2.0,93.0,1.86,1048.0,14.263076697126301,39.53117655829016,36.3304568340409
42.0,0.4,2.0,94.0,1.8800000000000001,1161.0,14.470526495351988,39.39741397000741,35.93530770199272
42.0,0.4,2.0,95.0,1.9000000000000001,1406.0,13.364519400137008,39.25131967411917,35.613029817933196
42.0,0.4,2.0,96.0,1.92,1954.0,12.8736276866849,39.05096130707945,34.86946198807813
42.0,0.4,2.0,97.0,1.94,3460.0,12.612410720986343,38.62445386014271,33.974384190862175
42.0,0.4,2.0,98.0,1.96,9231.0,11.762277127333519,37.32778930165568,32.45044598510807
42.0,0.4,2.0,99.0,1.98,33337.0,3.527942174236405,33.119815251120535,24.253576146964154
44.0,0.2,1.0,4.0,0.08,219.0,38.25839537009741,39.98706018825569,39.55538942330422
44.0,0.2,1.0,5.0,0.1,270.0,38.15944473883928,39.998794481857324,39.52841963496308
44.0,0.2,1.0,6.0,0.12,305.0,37.09474660371603,39.977060690980494,39.46976892399977
44.0,0.2,1.0,7.0,0.14,393.0,37.17922507582063,39.99981330523526,39.52430146410898
44.0,0.2,1.0,8.0,0.16,386.0,37.21953621313071,39.96528178346445,39.371805960599794
44.0,0.2,1.0,9.0,0.18,412.0,37.88085009724271,39.99846504444063,39.49030802973192
44.0,0.2,1.0,10.0,0.2,443.0,37.11902598452608,39.99772554919908,39.44109771435974
44.0,0.2,1.0,11.0,0.22,484.0,37.35694925885761,39.999443927578795,39.42529593077114
44.0,0.2,1.0,12.0,0.24,421.0,37.58677045365902,39.88326292499537,39.281956206435154
44.0,0.2,1.0,13.0,0.26,413.0,36.072005981079805,39.88673475427323,39.301918019103276
44.0,0.2,1.0,14.0,0.28,509.0,35.53209162628232,39.98164960598905,39.34313069710661
44.0,0.2,1.0,15.0,0.3,444.0,37.08664805685784,39.88645032132943,39.33771240809361
44.0,0.2,1.0,16.0,0.32,452.0,33.06802499821101,39.87025165461065,39.24417767020605
44.0,0.2,1.0,17.0,0.34,457.0,32.91209377409807,39.894787805471275,39.28509014238441
44.0,0.2,1.0,18.0,0.36,503.0,37.62844176088306,39.95006834760369,39.374527359076204
44.0,0.2,1.0,19.0,0.38,477.0,37.766846080363806,39.95768541760185,39.373848265016996
44.0,0.2,1.0,20.0,0.4,557.0,37.6224850912224,39.98823983179268,39.39390144336114
44.0,0.2,1.0,21.0,0.42,491.0,32.92476704813891,39.91239697683797,39.280581002529104
44.0,0.2,1.0,22.0,0.44,501.0,32.835167580725425,39.86054080602675,39.21512945292598
44.0,0.2,1.0,23.0,0.46,484.0,37.42118671394588,39.871046237941876,39.17962458885596
44.0,0.2,1.0,24.0,0.48,431.0,31.60623809029501,39.89025443006592,39.230355844998805
44.0,0.2,1.0,25.0,0.5,601.0,30.992899764456045,39.9990335929362,39.37578406666137
44.0,0.2,1.0,26.0,0.52,517.0,38.36589731449494,39.998477216577065,39.43415528191611
44.0,0.2,1.0,27.0,0.54,521.0,30.340758687616383,39.99980331559415,39.433381876729165
44.0,0.2,1.0,28.0,0.56,610.0,30.3411876749911,39.998780311151876,39.39663773182579
44.0,0.2,1.0,29.0,0.58,544.0,30.522669794134064,39.99888382095194,39.42935250648491
44.0,0.2,1.0,30.0,0.6,600.0,30.642102616256413,39.99956862816388,39.368018738097575
44.0,0.2,1.0,31.0,0.62,551.0,29.599558793339618,39.99920057612516,39.42301296478224
44.0,0.2,1.0,32.0,0.64,552.0,29.15654148831705,39.99989506345115,39.379525019930746
44.0,0.2,1.0,33.0,0.66,618.0,29.36292948411935,39.99844012694563,39.34473045258252
44.0,0.2,1.0,34.0,0.68,580.0,29.1114300169651,39.999716850142285,39.37546969508621
44.0,0.2,1.0,35.0,0.7000000000000001,660.0,29.055929819085307,39.99958053872133,39.39335900760159
44.0,0.2,1.0,36.0,0.72,681.0,28.282788833847064,39.99864024172268,39.389812380421276
44.0,0.2,1.0,37.0,0.74,671.0,28.97220339556213,39.99934294242555,39.33545592352334
44.0,0.2,1.0,38.0,0.76,734.0,28.69815405435938,39.998012528637645,39.31805575988016
44.0,0.2,1.0,39.0,0.78,810.0,27.039592567927844,39.99905499989826,39.32059990641554
44.0,0.2,1.0,40.0,0.8,725.0,28.26716632951844,39.93434334582788,39.209882229051544
44.0,0.2,1.0,41.0,0.8200000000000001,913.0,27.538427936987407,39.95943368662198,39.24293100685312
44.0,0.2,1.0,42.0,0.84,990.0,27.204275213090902,39.94923954422183,39.14329802924345
44.0,0.2,1.0,43.0,0.86,978.0,27.388174586119188,39.826246788622015,39.009753564357865
44.0,0.2,1.0,44.0,0.88,1180.0,27.180526508076827,39.77555020093194,38.92818786627964
44.0,0.2,1.0,45.0,0.9,1313.0,26.44398541409344,39.708340918482165,38.85299434210662
44.0,0.2,1.0,46.0,0.92,1624.0,26.55522459368553,39.63159199435709,38.69984099211826
44.0,0.2,1.0,47.0,0.9400000000000001,2479.0,26.22877920012819,39.49887628737286,38.4530437655061
44.0,0.2,1.0,48.0,0.96,5525.0,25.279303291348626,39.09584691836041,37.83943979069937
44.0,0.2,1.0,49.0,0.98,15497.0,18.16962081864342,37.560039938174576,34.193759844936544
44.0,0.2,2.0,5.0,0.1,200.0,38.19833619112975,39.96204218787645,39.515857074467505
44.0,0.2,2.0,6.0,0.12,252.0,36.8232042756603,39.99043428619831,39.48594625816313
44.0,0.2,2.0,7.0,0.14,265.0,37.17922507582063,39.98822779458424,39.49739934037221
44.0,0.2,2.0,8.0,0.16,268.0,37.21953621313071,39.989134569905325,39.39256671593765
44.0,0.2,2.0,9.0,0.18,307.0,37.88085009724271,39.95169816791156,39.417952896646746
44.0,0.2,2.0,10.0,0.2,307.0,37.46627542776143,39.997106992329165,39.41107367741552
44.0,0.2,2.0,11.0,0.22,343.0,37.20549406997682,39.997128704783115,39.435172589539135
44.0,0.2,2.0,12.0,0.24,345.0,36.905072683222016,39.99070914214711,39.386668286854146
44.0,0.2,2.0,13.0,0.26,314.0,37.721279635756474,39.97451461116142,39.42231617311184
44.0,0.2,2.0,14.0,0.28,326.0,37.155951091253954,39.99089174844748,39.37190448981594
44.0,0.2,2.0,15.0,0.3,370.0,37.4685922810406,39.96408594309178,39.38831287810235
44.0,0.2,2.0,16.0,0.32,268.0,34.633932658956084,39.87190896443638,39.30018863966338
44.0,0.2,2.0,17.0,0.34,372.0,36.92412561142078,39.99834306827751,39.39569787325825
44.0,0.2,2.0,18.0,0.36,342.0,37.69554710359772,39.99947384007928,39.42840000657352
44.0,0.2,2.0,19.0,0.38,345.0,37.44536203311729,39.9985388718453,39.41855946305674
44.0,0.2,2.0,20.0,0.4,343.0,35.629395862138516,39.99893961404568,39.39347087421379
44.0,0.2,2.0,21.0,0.42,312.0,36.99183182959697,39.969052739258245,39.32957069245697
44.0,0.2,2.0,22.0,0.44,352.0,36.989605205068386,39.998081655569756,39.381418371522244
44.0,0.2,2.0,23.0,0.46,327.0,37.537606889390446,39.981897171453596,39.37236068415942
44.0,0.2,2.0,24.0,0.48,345.0,36.57658948309121,39.99973470657103,39.36882425629749
44.0,0.2,2.0,25.0,0.5,335.0,33.86322117457096,39.99865104759524,39.38253532733601
44.0,0.2,2.0,26.0,0.52,336.0,35.71058114646466,39.95134810728316,39.29847478949173
44.0,0.2,2.0,27.0,0.54,300.0,36.736280762653266,39.90286442789046,39.28537799671761
44.0,0.2,2.0,28.0,0.56,329.0,37.07882208415417,39.885020383492375,39.28076302106128
44.0,0.2,2.0,29.0,0.58,299.0,37.37427000182146,39.8865612428424,39.30344714218518
44.0,0.2,2.0,30.0,0.6,331.0,36.64357386074901,39.93277298600488,39.312001175410124
44.0,0.2,2.0,31.0,0.62,289.0,37.10469425365288,39.86561230134933,39.25911244455206
44.0,0.2,2.0,32.0,0.64,323.0,37.51860500110621,39.89465179511981,39.23484180358454
44.0,0.2,2.0,33.0,0.66,307.0,37.571450928387534,39.86260163359769,39.23848060796782
44.0,0.2,2.0,34.0,0.68,282.0,32.967432038812916,39.80203635445746,39.22450007058045
44.0,0.2,2.0,35.0,0.7000000000000001,333.0,37.66034639295738,39.87781109383149,39.276930889514716
44.0,0.2,2.0,36.0,0.72,279.0,32.27822973246275,39.81039848230681,39.190516265499404
44.0,0.2,2.0,37.0,0.74,287.0,37.45141514297093,39.89553556699694,39.31132855705099
44.0,0.2,2.0,38.0,0.76,289.0,37.24691799321867,39.93078366835267,39.279418565808875
44.0,0.2,2.0,39.0,0.78,357.0,37.15361543320155,39.998516313222765,39.32055205117215
44.0,0.2,2.0,40.0,0.8,282.0,37.28025252687365,39.93295305056075,39.267595369296295
44.0,0.2,2.0,41.0,0.8200000000000001,319.0,37.33286461705949,39.91089006141571,39.28151380118876
44.0,0.2,2.0,42.0,0.84,282.0,30.59150479323799,39.86850385324905,39.24589198342812
44.0,0.2,2.0,43.0,0.86,301.0,30.976436824746493,39.99837417997316,39.348570603927065
44.0,0.2,2.0,44.0,0.88,268.0,27.228855498226018,39.99799692029196,39.32710224778162
44.0,0.2,2.0,45.0,0.9,339.0,37.46146302355416,39.99837321254983,39.3525221661276
44.0,0.2,2.0,46.0,0.92,337.0,27.785618734797783,39.99986243697673,39.335834805746714
44.0,0.2,2.0,47.0,0.9400000000000001,315.0,38.205324382162814,39.99051665094877,39.43329507091993
44.0,0.2,2.0,48.0,0.96,283.0,38.0228792318495,39.999404607034236,39.44816854772418
44.0,0.2,2.0,49.0,0.98,336.0,37.39982562411206,39.99966726781612,39.31983765070518
44.0,0.2,2.0,50.0,1.0,330.0,37.92554931936615,39.99718558072521,39.37935796201832
44.0,0.2,2.0,51.0,1.02,387.0,27.176719995318148,39.995990311095596,39.273682907128126
44.0,0.2,2.0,52.0,1.04,277.0,38.621254669931055,39.99797409846468,39.51498683189335
44.0,0.2,2.0,53.0,1.06,333.0,37.75865516497125,39.99709781564426,39.319308051726594
44.0,0.2,2.0,54.0,1.08,293.0,29.847582431537184,39.99722227947454,39.41772104332161
44.0,0.2,2.0,55.0,1.1,319.0,28.545413572273247,39.99955589170915,39.27260787217476
44.0,0.2,2.0,56.0,1.12,304.0,27.874495482733533,39.99956604763653,39.39159715198392
44.0,0.2,2.0,57.0,1.1400000000000001,325.0,28.014806756285516,39.99852330934788,39.32022392542732
44.0,0.2,2.0,58.0,1.16,336.0,37.599774631178384,39.99836231297519,39.340745794903
44.0,0.2,2.0,59.0,1.18,320.0,28.5673244325953,39.997508418867206,39.356989235009245
44.0,0.2,2.0,60.0,1.2,278.0,28.215252546647267,39.99875208725701,39.40718073327169
44.0,0.2,2.0,61.0,1.22,355.0,26.77714604086744,39.99922732106516,39.34321840161503
44.0,0.2,2.0,62.0,1.24,308.0,27.770893328424826,39.998733148849354,39.38381746928232
44.0,0.2,2.0,63.0,1.26,297.0,37.47097249613774,39.99715666532142,39.37520242261036
44.0,0.2,2.0,64.0,1.28,337.0,37.33403354724801,39.999776288353196,39.36334671698404
44.0,0.2,2.0,65.0,1.3,338.0,37.05974516180978,39.997636539533374,39.29454325251424
44.0,0.2,2.0,66.0,1.32,349.0,27.651484225868202,39.95948061082524,39.30588745321083
44.0,0.2,2.0,67.0,1.34,319.0,37.9998055844005,39.997578170296016,39.34881192556003
44.0,0.2,2.0,68.0,1.36,346.0,27.77598055849714,39.998451620972304,39.23418015564778
44.0,0.2,2.0,69.0,1.3800000000000001,327.0,38.14426213658801,39.99944842868703,39.403465815041585
44.0,0.2,2.0,70.0,1.4000000000000001,330.0,28.257455741872853,39.99161652348449,39.297246920775336
44.0,0.2,2.0,71.0,1.42,353.0,27.71313593022132,39.995667286672,39.32004865087577
44.0,0.2,2.0,72.0,1.44,330.0,28.222786201240314,39.99767667610977,39.32260835087573
44.0,0.2,2.0,73.0,1.46,380.0,27.909532007737138,39.99997954924401,39.288666977403
44.0,0.2,2.0,74.0,1.48,375.0,27.05592544930775,39.99987785171066,39.289021174981656
44.0,0.2,2.0,75.0,1.5,357.0,28.066986402719987,39.9926506161127,39.34384040684893
44.0,0.2,2.0,76.0,1.52,387.0,27.49737551917493,39.99553733931123,39.26750732180544
44.0,0.2,2.0,77.0,1.54,342.0,26.583013522263936,39.99975930200628,39.31670198834051
44.0,0.2,2.0,78.0,1.56,378.0,27.291564334227328,39.99498944413772,39.219108479291215
44.0,0.2,2.0,79.0,1.58,377.0,26.752591477004735,39.99727372274017,39.28025948662101
44.0,0.2,2.0,80.0,1.6,428.0,26.78833896736384,39.99988987997043,39.25592987042724
44.0,0.2,2.0,81.0,1.62,360.0,26.18882927594134,39.996042887118556,39.305414101618254
44.0,0.2,2.0,82.0,1.6400000000000001,447.0,26.839662010247494,39.99977756253358,39.19516066697603
44.0,0.2,2.0,83.0,1.6600000000000001,426.0,26.282165244418046,39.99808843311756,39.23985274229581
44.0,0.2,2.0,84.0,1.68,457.0,26.91252271862837,39.99959391144739,39.151208554551836
44.0,0.2,2.0,85.0,1.7,475.0,26.21198591472722,39.99900494535043,39.186502027168444
44.0,0.2,2.0,86.0,1.72,480.0,25.73787414089091,39.99962898038095,39.2094095297887
44.0,0.2,2.0,87.0,1.74,489.0,25.92962591730837,39.99880446928976,39.070034004593815
44.0,0.2,2.0,88.0,1.76,562.0,24.37453342249261,39.99958230395399,39.10761115994081
44.0,0.2,2.0,89.0,1.78,584.0,25.53426222125404,39.999003936151325,39.010163874743924
44.0,0.2,2.0,90.0,1.8,628.0,25.562825721799214,39.99893080923025,39.10643109789471
44.0,0.2,2.0,91.0,1.82,691.0,25.167543804390657,39.96673174545135,39.00901082775549
44.0,0.2,2.0,92.0,1.84,715.0,24.81179009054849,39.87028418595704,38.8935980129979
44.0,0.2,2.0,93.0,1.86,790.0,24.392050679042647,39.85537950951164,38.659519308387495
44.0,0.2,2.0,94.0,1.8800000000000001,934.0,24.27666798046404,39.769115088848636,38.47746357101496
44.0,0.2,2.0,95.0,1.9000000000000001,1003.0,23.748503098292105,39.744176241261705,38.415153655249746
44.0,0.2,2.0,96.0,1.92,1438.0,24.274493086619373,39.636375488363335,38.20705884120953
44.0,0.2,2.0,97.0,1.94,2204.0,23.173232757515226,39.42937625866876,37.679256372459186
44.0,0.2,2.0,98.0,1.96,5327.0,22.387430740257166,38.956543729955186,36.851963672985626
44.0,0.2,2.0,99.0,1.98,17944.0,14.079392429999457,37.137567733364826,32.486112047846674
44.0,0.4,1.0,1.0,0.02,202.0,37.14352484695652,39.83481101690554,39.2852223542938
44.0,0.4,1.0,2.0,0.04,453.0,35.85355013552964,39.94198978204908,39.13378614327763
44.0,0.4,1.0,3.0,0.06,535.0,34.75359735078223,39.85456509177052,38.84500117910124
44.0,0.4,1.0,4.0,0.08,646.0,34.52913353678707,39.934782642698096,38.86888864241312
44.0,0.4,1.0,5.0,0.1,577.0,33.9257575040971,39.827652664864736,38.77284227244088
44.0,0.4,1.0,6.0,0.12,669.0,34.70182760480855,39.93453934721795,38.85757668057493
44.0,0.4,1.0,7.0,0.14,690.0,35.275290505590085,39.99780101607546,38.857582775653135
44.0,0.4,1.0,8.0,0.16,695.0,31.45568526112582,39.99834601365734,38.78363620241177
44.0,0.4,1.0,9.0,0.18,620.0,29.902012485376762,39.781528836494864,38.65578627832476
44.0,0.4,1.0,10.0,0.2,767.0,32.54278389954809,39.738552871035175,37.99804706817753
44.0,0.4,1.0,11.0,0.22,586.0,29.330788711507914,39.616905449799674,38.14499463284097
44.0,0.4,1.0,12.0,0.24,718.0,29.525677986741616,39.857711138723616,38.232842447795115
44.0,0.4,1.0,13.0,0.26,509.0,26.71900318730785,39.998349036733835,38.6572680051448
44.0,0.4,1.0,14.0,0.28,701.0,26.710330273034735,39.958327125603354,38.62152413827865
44.0,0.4,1.0,15.0,0.3,849.0,24.97895688628384,39.99624749631714,38.41591901471363
44.0,0.4,1.0,16.0,0.32,512.0,25.182142657115616,39.999897215392565,39.18533012034103
44.0,0.4,1.0,17.0,0.34,833.0,25.165050183157813,39.8366921194373,38.422316342609925
44.0,0.4,1.0,18.0,0.36,840.0,24.305360378402444,39.55747246214538,37.878833672708694
44.0,0.4,1.0,19.0,0.38,239.0,23.282582240016744,39.06360287615205,38.314492495229665
44.0,0.4,1.0,20.0,0.4,632.0,23.251264023639525,39.997225985794024,38.96039965150347
44.0,0.4,1.0,21.0,0.42,513.0,22.048836524722105,39.99508651206145,39.10276215136585
44.0,0.4,1.0,22.0,0.44,535.0,22.244166813160568,39.999768751717625,39.10817039799423
44.0,0.4,1.0,23.0,0.46,640.0,37.453630753784736,39.99914536738594,38.9640158086875
44.0,0.4,1.0,24.0,0.48,927.0,22.24920201689063,39.999985872516724,38.59226851143961
44.0,0.4,1.0,25.0,0.5,379.0,21.780686462515593,39.309368212937876,38.51842503332069
44.0,0.4,1.0,26.0,0.52,794.0,22.24391929051131,39.997720532011336,38.94469293090644
44.0,0.4,1.0,27.0,0.54,525.0,38.420815810749595,39.99921718582763,39.29308119436561
44.0,0.4,1.0,28.0,0.56,487.0,22.460026835968897,39.998934914274564,39.154243142678915
44.0,0.4,1.0,29.0,0.58,618.0,21.822567697417327,39.99690348423885,38.83664430570546
44.0,0.4,1.0,30.0,0.6,749.0,21.443623285215487,39.998558953935714,38.59416116382659
44.0,0.4,1.0,31.0,0.62,673.0,21.259306498426195,39.99929591128159,38.67813851031862
44.0,0.4,1.0,32.0,0.64,632.0,21.570202425247658,39.99766291597241,38.817268312234205
44.0,0.4,1.0,33.0,0.66,712.0,21.45073434455624,39.99808207857618,38.73066114404642
44.0,0.4,1.0,34.0,0.68,721.0,21.116931971733965,39.99990024371762,38.681305139287765
44.0,0.4,1.0,35.0,0.7000000000000001,638.0,20.279725668770404,39.999287352417284,38.736547178171286
44.0,0.4,1.0,36.0,0.72,760.0,20.971140663607898,39.99782735573189,38.509470506864595
44.0,0.4,1.0,37.0,0.74,819.0,19.821393480597013,39.99773373673705,38.411389847702445
44.0,0.4,1.0,38.0,0.76,803.0,20.405602575557467,39.993168851930456,38.48605673607342
44.0,0.4,1.0,39.0,0.78,839.0,20.712149345257163,39.995657459732136,38.36886412099321
44.0,0.4,1.0,40.0,0.8,960.0,19.976704839524768,39.99963365304711,38.029054352230496
44.0,0.4,1.0,41.0,0.8200000000000001,1047.0,19.984943230289907,39.99819234735103,38.03917068046705
44.0,0.4,1.0,42.0,0.84,1182.0,18.216200709535293,39.99940051490967,37.8846720786226
44.0,0.4,1.0,43.0,0.86,1452.0,19.301157288402482,39.99948749862506,37.482806112857745
44.0,0.4,1.0,44.0,0.88,1654.0,18.591864476090755,39.81156446789757,37.03283309306405
44.0,0.4,1.0,45.0,0.9,2041.0,17.699327862766413,39.570451241662234,36.741580392993235
44.0,0.4,1.0,46.0,0.92,2428.0,17.178349569862515,39.23765902197172,35.89458232340753
44.0,0.4,1.0,47.0,0.9400000000000001,3943.0,16.08042780044985,38.92825216949376,35.235842538507015
44.0,0.4,1.0,48.0,0.96,9093.0,15.455979127838662,37.960138244051585,34.3296451000011
44.0,0.4,1.0,49.0,0.98,25871.0,6.802651028800706,34.62892490384163,28.44387315739376
44.0,0.4,2.0,2.0,0.04,299.0,35.75107380251002,39.901718382706115,39.05863882757974
44.0,0.4,2.0,3.0,0.06,389.0,36.158592899565775,39.98975900400432,39.12167712111061
44.0,0.4,2.0,4.0,0.08,415.0,34.84972423380543,39.94039252724294,38.853265571462885
44.0,0.4,2.0,5.0,0.1,390.0,36.08604143504148,39.93610634508528,38.87040759466918
44.0,0.4,2.0,6.0,0.12,402.0,33.8283124099958,39.9147011978948,38.79168000365394
44.0,0.4,2.0,7.0,0.14,458.0,34.90868951438269,39.999611937744305,38.88604054925823
44.0,0.4,2.0,8.0,0.16,392.0,34.92652781192146,39.94290891292801,38.802582213195734
44.0,0.4,2.0,9.0,0.18,404.0,33.985530281872954,39.98335481168277,38.88886245626675
44.0,0.4,2.0,10.0,0.2,356.0,32.83366371634629,39.88025710665113,38.685503247891326
44.0,0.4,2.0,11.0,0.22,376.0,35.340149177860695,39.99654240402286,38.85503908705392
44.0,0.4,2.0,12.0,0.24,357.0,34.33852070050462,39.99917496162611,38.83652978009655
44.0,0.4,2.0,13.0,0.26,375.0,34.93097093510797,39.998439363282,38.766196326533326
44.0,0.4,2.0,14.0,0.28,381.0,34.335074789798625,39.99991194417309,38.76650959332766
44.0,0.4,2.0,15.0,0.3,407.0,34.43786628149411,39.99624749631714,38.703211329853566
44.0,0.4,2.0,16.0,0.32,346.0,35.30900874990791,39.99895472881646,38.795364455404396
44.0,0.4,2.0,17.0,0.34,339.0,35.72048516014127,39.97670663842347,38.81288104979325
44.0,0.4,2.0,18.0,0.36,343.0,32.92858800682352,39.989551092506716,38.68337790004173
44.0,0.4,2.0,19.0,0.38,369.0,35.354688304822844,39.99690947352227,38.800846604130626
44.0,0.4,2.0,20.0,0.4,393.0,35.08300815684258,39.997225985794024,38.70517193001717
44.0,0.4,2.0,21.0,0.42,281.0,33.6360542829745,39.740519286903805,38.56498864105281
44.0,0.4,2.0,22.0,0.44,311.0,34.2479702686862,39.75330248641747,38.52898139276318
44.0,0.4,2.0,23.0,0.46,338.0,34.650316434794384,39.83248317562853,38.57215835190209
44.0,0.4,2.0,24.0,0.48,277.0,33.76196569833506,39.686565112472174,38.426903293230964
44.0,0.4,2.0,25.0,0.5,317.0,33.845861139016534,39.66940699349556,38.42137827875509
44.0,0.4,2.0,26.0,0.52,325.0,29.23198756518684,39.78178035706465,38.55152561494292
44.0,0.4,2.0,27.0,0.54,277.0,30.754085915988618,39.7246661095067,38.545072871466594
44.0,0.4,2.0,28.0,0.56,284.0,31.444843477774683,39.791970068176795,38.34921435412893
44.0,0.4,2.0,29.0,0.58,277.0,31.508458494343593,39.819316220891125,38.445794185308856
44.0,0.4,2.0,30.0,0.6,329.0,25.065610406401046,39.998558953935714,38.64872773409184
44.0,0.4,2.0,31.0,0.62,349.0,25.370659940926572,39.93950264204479,38.674515181649525
44.0,0.4,2.0,32.0,0.64,294.0,25.900589915707645,39.863129761304045,38.51952343050155
44.0,0.4,2.0,33.0,0.66,321.0,34.252963522067304,39.992529344870015,38.78427988611567
44.0,0.4,2.0,34.0,0.68,337.0,24.99722884774997,39.99571898822079,38.71518532266502
44.0,0.4,2.0,35.0,0.7000000000000001,348.0,35.12972949710707,39.99783867910122,38.7406103293687
44.0,0.4,2.0,36.0,0.72,278.0,26.28457741633322,39.683347976237926,38.34730422536779
44.0,0.4,2.0,37.0,0.74,303.0,24.508016051338565,39.7572169789323,38.22714006427401
44.0,0.4,2.0,38.0,0.76,261.0,23.999548103053208,39.769334282705124,38.39617272743078
44.0,0.4,2.0,39.0,0.78,337.0,32.40179352188795,39.997174823599536,38.32918326904452
44.0,0.4,2.0,40.0,0.8,352.0,33.92923087972733,39.99486644179805,38.33328512325668
44.0,0.4,2.0,41.0,0.8200000000000001,299.0,24.065154071560233,39.82563716740143,38.14571577356981
44.0,0.4,2.0,42.0,0.84,310.0,36.584428962450566,39.99843971689575,38.821595208961966
44.0,0.4,2.0,43.0,0.86,260.0,24.523574452156605,39.993018971226476,38.49605644504907
44.0,0.4,2.0,44.0,0.88,332.0,24.266937412467797,39.95622929659659,38.30197985672018
44.0,0.4,2.0,45.0,0.9,338.0,21.975091122775883,39.99841704899338,38.725199317697346
44.0,0.4,2.0,46.0,0.92,264.0,37.486714911647006,39.9999501821671,39.00254532019981
44.0,0.4,2.0,47.0,0.9400000000000001,330.0,23.862604984812105,39.98356371834994,38.24872889312191
44.0,0.4,2.0,48.0,0.96,389.0,24.26587963455088,39.998373683286246,38.14331668396848
44.0,0.4,2.0,49.0,0.98,356.0,23.190740272774907,39.76195478730005,38.11460190928439
44.0,0.4,2.0,50.0,1.0,332.0,23.777095540141026,39.663854747558055,37.5428851590336
44.0,0.4,2.0,51.0,1.02,340.0,22.761571982178218,39.98564832395957,38.406144935047436
44.0,0.4,2.0,52.0,1.04,312.0,22.26390627868711,39.99365778465126,37.86577183975177
44.0,0.4,2.0,53.0,1.06,330.0,22.23289471960176,39.994576050236375,38.205404387107876
44.0,0.4,2.0,54.0,1.08,373.0,21.90330430069717,39.99353019024649,37.973990556600604
44.0,0.4,2.0,55.0,1.1,283.0,21.31768869296299,39.99366414534521,37.768842331236826
44.0,0.4,2.0,56.0,1.12,420.0,21.83914918717688,39.99203644178557,38.05133495152923
44.0,0.4,2.0,57.0,1.1400000000000001,425.0,21.1791631310323,39.747609417761424,38.05211656068527
44.0,0.4,2.0,58.0,1.16,272.0,19.390481865231667,39.99902612597701,38.71450349948153
44.0,0.4,2.0,59.0,1.18,269.0,19.82029210110354,39.99877992765603,38.610919953694484
44.0,0.4,2.0,60.0,1.2,335.0,19.557313061958247,39.999788067445486,38.837438295164674
44.0,0.4,2.0,61.0,1.22,306.0,19.977096476720202,39.999208197756815,38.83005370570325
44.0,0.4,2.0,62.0,1.24,387.0,18.902917997376736,39.99482438781727,38.500002304333684
44.0,0.4,2.0,63.0,1.26,299.0,20.0967723985684,39.996272738102704,39.02169631641148
44.0,0.4,2.0,64.0,1.28,367.0,19.583393162973827,39.999876874721586,38.30446217202078
44.0,0.4,2.0,65.0,1.3,317.0,19.222018662152475,39.99793521278767,38.70664450753138
44.0,0.4,2.0,66.0,1.32,353.0,18.825572934185224,39.99733248188935,38.587886325300126
44.0,0.4,2.0,67.0,1.34,340.0,19.146588161813828,39.99828111185516,38.791254534816204
44.0,0.4,2.0,68.0,1.36,300.0,18.453519267401514,39.99926671315596,38.718053949859005
44.0,0.4,2.0,69.0,1.3800000000000001,342.0,18.91106269863139,39.99279531971352,38.6193568501166
44.0,0.4,2.0,70.0,1.4000000000000001,369.0,18.371198279876694,39.99918401296674,38.61042981153781
44.0,0.4,2.0,71.0,1.42,356.0,18.17055520125657,39.992986581408985,38.71232064843119
44.0,0.4,2.0,72.0,1.44,360.0,18.380365190121758,39.990362195366984,38.57661678009024
44.0,0.4,2.0,73.0,1.46,312.0,19.36685099021827,39.995440900930284,38.7490899109036
44.0,0.4,2.0,74.0,1.48,371.0,18.383358237885243,39.99874872813733,38.523076564963056
44.0,0.4,2.0,75.0,1.5,395.0,19.12461086863019,39.99468160948399,38.59508581675781
44.0,0.4,2.0,76.0,1.52,358.0,18.253755418298066,39.9970835991635,38.54321978708882
44.0,0.4,2.0,77.0,1.54,436.0,18.780828362988853,39.996855592555235,38.19476950734008
44.0,0.4,2.0,78.0,1.56,359.0,16.75802044046536,39.99748504227563,38.537377725739226
44.0,0.4,2.0,79.0,1.58,410.0,18.17480926142135,39.994993757620364,38.332282864179
44.0,0.4,2.0,80.0,1.6,396.0,17.360530677729507,39.999357739458276,37.98162737146502
44.0,0.4,2.0,81.0,1.62,470.0,17.474191481629738,39.997583653720405,38.0881850733212
44.0,0.4,2.0,82.0,1.6400000000000001,449.0,17.600073177954282,39.99824564689643,37.6897124677752
44.0,0.4,2.0,83.0,1.6600000000000001,477.0,17.33597234552638,39.984156861295595,37.86774284940048
44.0,0.4,2.0,84.0,1.68,512.0,16.564386815501276,39.998791083682214,37.38482375032894
44.0,0.4,2.0,85.0,1.7,443.0,17.13879468524132,39.99540238141325,37.309161547741866
44.0,0.4,2.0,86.0,1.72,510.0,16.278207830266027,39.995468092669256,37.568192293959314
44.0,0.4,2.0,87.0,1.74,571.0,16.62695291374972,39.99725083753751,37.74215019232556
44.0,0.4,2.0,88.0,1.76,687.0,16.24976024202792,39.997681592404234,36.97407753604492
44.0,0.4,2.0,89.0,1.78,681.0,16.243255437453108,39.99840140786896,36.85918038344376
44.0,0.4,2.0,90.0,1.8,762.0,15.876048229151802,39.99836434132212,37.01549529438215
44.0,0.4,2.0,91.0,1.82,859.0,15.52677961938897,39.99618356449428,36.67712411935788
44.0,0.4,2.0,92.0,1.84,1007.0,14.947799095087731,39.92893273481388,36.39825370089142
44.0,0.4,2.0,93.0,1.86,1109.0,14.942270825560888,39.68101267580035,35.96535271566381
44.0,0.4,2.0,94.0,1.8800000000000001,1214.0,14.348335020751318,39.46673804191495,35.35477964816951
44.0,0.4,2.0,95.0,1.9000000000000001,1458.0,14.000925085857817,39.34503325236473,34.80668301445771
44.0,0.4,2.0,96.0,1.92,2043.0,13.486657576527039,39.116593064386194,34.10953987323118
44.0,0.4,2.0,97.0,1.94,3624.0,13.153521725793201,38.67192886436067,32.777292491243124
44.0,0.4,2.0,98.0,1.96,8804.0,11.974768411525536,37.36210876710636,32.15010699717419
44.0,0.4,2.0,99.0,1.98,29881.0,3.695939420628615,33.340935032102685,24.981872387719363
